ID,span,comment_body,comment_permalink,subreddit,username,user_flair,created_utc,they_form,annotated,they_type,comment,doubt,special_interest,noise,referent_outside,ambiguous,referent,deducible,unknowable,prompt,human_annotation,LLM_response,LLM_annotation,inter-annotator_agreement,qualitative_assessment,context_dependent
LoRes_4830,"[273, 277]","You only need a TV license if you watch tv AS IT IS BEING BROADCASTED. Under no other circumstances do you need a license. You can either continue to ignore them or register as not needing a license on their website.
Also if they do come to the door, you don't have to let them in unless they have a search warrant which they wont. Don't let them trick you.",/r/unitedkingdom/comments/oe7f6/comment/c3gjz9l,unitedkingdom,Knight_Bob,,1326399350,them,,,the discussion is about some kind of enforcement agency so this is plural,,,,,,,,,,,,,,,X
ma_era_1862769,"[14, 18]","I don't think they get any disrespect or are underrated anymore tbh, back when the first joined sure but I think they get a hell of a lot of love nowadays",/r/MinecraftChampionship/comments/nptto2/i_feel_to_a_certain_extent_grian_and_the_other/h09c4qp/,MinecraftChampionship,InfinityEternity17,,1622595141,they ,X,plural_they,"As per the context, this refers to ""Grian and the other hermits"" which is, regardless of meaning, clearly plural",,,,,,Grian and the other hermits,,,,,,,,,X
ma_era_1848604,"[9, 13]","Wait, so they can knee downed opponents in the head!? Pride month RULES!",/r/MMA/comments/nq0j3h/ufc_to_allow_fighters_competing_in_june_to_optin/h09ax1w/,MMA,borky86,,1622594509,they ,X,plural_they,"As per the context, this is about what fighters -- plural -- may do",,,,,,,,,,,,,,,X
ma_era_111472,"[3, 7]",Do they have a match sunday? I didn't think there were any tag matches on the PPV Card on Sunday,/r/SquaredCircle/comments/dbleww/raw_spoilers_finish_to_raw_tag_team_title_match/f22luhj/,SquaredCircle,Jstin8,Your Text Here,1569891699,they ,X,plural_they,"As per the context, this is about at least two people engaging in a match, therefore it is plural",,,,,,two fighers,,,,,,,,,X
ma_era_313748,"[131, 135]",In my experience it is best to ignore the teacher and go. Tell the nurse before you return to class. If you end up in trouble tell them to call the nurse. Nothing funnier than seeing a teacher getting screamed at by the school nurse. They don't screw around with that crap.,/r/unpopularopinion/comments/dbfpzz/public_boners_should_be_normalized_the_same_way/f234onr/,unpopularopinion,Sara_Matthiasdottir,,1569905980,them ,X,generic_they,"This refers to ""the teacher"" in a hypothetical scenario so it is generic",,,,,,,,,,,,,,,
ma_era_306411,"[175, 179]","Not hip-hop related, and probably shouldn't say in case anything does happen, just kinda bummed and not sure what I did to get essentially ghosted. Pretty discouraging seeing them post on social media but not reply to their personal email",/r/hiphopheads/comments/dbi46z/daily_discussion_thread_09302019/f2341fz/,hiphopheads,HazyPeanut,,1569905306,them ,X,singular_they,"As per the context, this is about an artist so it is singular",,,,X,,an internet user,,,,,,,,,X
ma_era_7522854,"[220, 224]","Well again, at the time of posting, all we had was Persona Central reporting the official site has been erroneously updated, with no screenshots or proof of it. So I asked my friend who knows a ton about this stuff, and they warned it could be faked. I was just relaying that. At this point, it looks a lot more positive (though they still don’t understand why it has a rating this far out).

They have been wrong before, but they’ve also told me things that have been true time after time. So I wanted to advise people to be cautious, just in case.",/r/Megaten/comments/nrvvce/shin_megami_tensei_v_releasing_on_november_11/h0my8w3/,Megaten,Honestly_Vitali,Shesha is Bae-sha,1622856196,they ,X,singular_they,"This refers to the friend of the person writing this, so it is singular",,,,,,,,,,,,,,,
ma_era_5918929,"[17, 21]","Without a waiver they need 2 years time in service, so since OP said they hit 2 years in November, thats when they’ll be eligible.",/r/army/comments/nrwdyu/the_army_is_holding_up_my_promotion_and_i_dont/h0j50t3/,army,LuiBC_,:adjutantgeneral: Adjutant General,1622782291,they ,X,singular_they,This is about OP (=original poster) so it is singular,,,,,,,,,,,,,,,
ma_era_2438260,"[143, 147]","Hi, I was looking for gmk dots R2 online and saw that Oblotzky Industries lists them under “Pre-Order”. However, I’m in Asia and monokei lists them as being sold out. Does this mean I can order them from Oblotzky and still receive the set or does it mean that it will become available on monokei soon?
Sorry, this is a new hobby and I’m pretty clueless.
Thanks in advance.",/r/MechanicalKeyboards/comments/knnflb/rmechanicalkeyboards_ask_any_question_get_an/h0asp9g/,MechanicalKeyboards,distakk,,1622631123,them ,X,plural_they,"This refers to ""gmk dots"" which, regardless of meaning, is plural",,,,,,gmk dots,,,,,,,,,
ma_era_1956477,"[215, 219]","Glad you were able to see my reply and you're welcome, also that's really cool! I love when names have a bit of symbolism behind them, hopefully, the kid ends up appreciating and understanding a bit of the story as they get older (if they don't already)",/r/CanadianForces/comments/nopv47/weekly_recruiting_thread_ask_here_about_the/h09kdcx/,CanadianForces,[deleted],,1622599412,they ,X,singular_they,"This refers to ""the kid"" which, per the context, is a specific child",,,,,,,,,,,,,,,X
LoRes_4724,"[166, 170]","What possible reason does someone whoring themselves for a charity have to expect any kind of justification from a stranger going about their business?

I tend treat them in the as I do dog shit in the street, I wish it wasn't there, and I'll only pay attention to it long enough to avoid it.",/r/unitedkingdom/comments/ocho8/comment/c3ggazd,unitedkingdom,CraigTorso,,1326378019,them,X,generic_they,Treat them means treating someone singular but isnt specified,,,,,,,,,,,,,,,
ma_era_2720841,"[1228, 1232]","
&gt;That no one has said there is no way to tell if someone is male or female unless you ask them how they identify?

Sex and gender are separate things. Biological sex is not gender. Since people identify as a gender this has no implication that men and women are biologically the same because it makes no indication about sex.

&gt;Are you saying that no one has ever said that sex organs don’t indicate gender?

Sex organs can indicate gender but they don't define it. The majority of people's gender does align with the sex organs. Again, gender and sex are different things

&gt; Are you saying that no one has ever made the argument that bio sex and gender identity are not related

They are not the same thing. They are certainly related, but not the same thing. I'm confused as to how saying that gender and sex are not the same somehow means that men=women

&gt; the existence of intersex people and people with an extra x or Y chromosome proves that the concept of “biological sex” is somehow either not real, not correlated with either genotype or phenotype? 

Again, I'm confused about the point you are trying to make.

&gt;That how someone identifies should be the final word in what bathroom they use, what team they play on, what pronouns they use?

Again, not sure how the logic follows for this. Someone saying that they identify as a different gender somehow means that men=women?",/r/walkaway/comments/nq6bn2/this_seems_like_a_rational_solution/h0bgdvb/,walkaway,Alfoldio,,1622644632,they ,X,plural_they,they goes for all biological sex people,,,,,,,,,,,,,,,
LoRes_252,"[20, 24]","if a barber told me they had a headache, and asked if it was ok if you focus and not chat i think i would be ok with it right? maybe some fancy hair do people would care. if you need a break tell me xD",/r/AskUK/comments/xtz66e/hi_barber_here_here_to_see_if_any_of_you_lads_or/iqt1azt/,AskUK,SlinkyBits,,1664746998, they,X,singular_they,barber = singular,,,,,,,,,,,,,,,
LoRes_1221,"[250, 254]","I think if you shout, 'Come in', and it's someone you know they will normally come in, but if it's a stranger they would normally wait for you to come to the door. Also you have to remember the noise outside will be more than inside so it's possible they simply don't hear you",/r/AskUK/comments/xzuzmh/is_it_rude_to_say_come_in_when_somebody_knocks_at/irr1lrf/,AskUK,,,, they,X,singular_they,referring to one person shouting,,,,,,,,,,,,,,,X
ma_era_7874650,"[4, 8]",Wow they are stunning. What kind of tree is it?,/r/chch/comments/nsobsg/for_queens_birthday_these_are_the_monarchs_of/h0nv2fl/,chch,New_Jellyfish7811,,1622877603,they ,X,singular_they,a single tree,,,,,,,,,,,,,,,
ma_era_73459,"[296, 300]","For example, most of my friends are part of the LGBTQ+ community and ever since I found out about it I am strongly for and supportive of the community. I'm very passionate to back this community in anyway I can. If someone however approached me and opened up about the topic I wouldn't disregard them, if they had valid points that don't clash with my morals. I'm open to taking in others perspectives. But if they try to convince me to change my mind rather than give me their perspective I'll shut them down. Convincing someone of your beliefs is considered being close minded isn't it? Idk I could be wrong",/r/mbti/comments/dbk9a5/i_am_starting_to_believe_that_ni_doms_ie_infj/f22hsn6/,mbti,Y3ll0WM3ll0,INFJ,1569889319,"them,",X,singular_they,they' functions as a singular pronoun for a hypothetical person,,,,,,,,,,,,,,,X
ma_era_2217680,"[209, 213]","Playing unraked before rank 15 is like BDSM that you didn’t agree to. You’re going to face either players who are trying to complete “play 40 artifacts”/“play 60 neutral cards”, which is a game wasted because they never had the intention of winning anyway, so the gameplay is pointless and even if win you’ll feel no sense of accomplishment; or you’ll face tryhards that are trying to farm wins or learn tier 1 decks, and they’ll mercilessly tear you a new one",/r/gwent/comments/nq9690/noob_question/h0a8md4/,gwent,supersonic_bat,":whoreson_jr: Heheh. Slow, ain't ya?",1622613588,they ,X,generic_they,non-specific pronoun referring to hypothetical players who prioritize quests over winning,,,,,,,,,,,,,,,
ma_era_7728154,"[164, 168]","Yeah I knew it was a scam right as they texted me a link. Usually when someone you meet online texts you a link within minutes of meeting, that’s a major red flag. They unmatched me to avoid being reported so i emailed tinder support describing the profile. The person had a verified profile so that kinda eased my suspicions at first but right as I saw the section to enter payment info, I blocked them.",/r/Tinder/comments/nsmsyk/noonlight/h0nhju2/,Tinder,BrownSugar_99,,1622867176,They ,X,singular_they,"they' is used as a singular, specific pronoun referring to a particular scammer on Tinder ",,,,,,,,,,,,,,,
ma_era_237090,"[308, 312]","I watched a great YouTube on why McDonald's ice cream machines are broken all the time.  Part of it has to do with the cleaning cycle. McDonalds doesnt make sure the machine passes the cleaning cycle, they just let it go overnight so if it fails they have to run it during business hours.  The other part is they have a maintenance contract with the company that builds the machine.  So that company fucks over McDonald's by making the machine a complete pain in the ass to fix and the franchises have to call in a special tech any time the machine goes down.",/r/funny/comments/npg47i/the_shade_is_real/h05j2ei/,funny,Cyanomelas,,1622517059,they ,X,plural_they,plural pronoun referring to McDonald's corporate entity,,,,,,,,,,,,,,,
LoRes_3634,"[32, 36]",I have a relative that pretends they didn’t vote,/r/unitedkingdom/comments/yd2ve2/jacob_reesmogg_has_resigned/itpvavj/,unitedkingdom,Violet351,,1666703412, they,X,generic_they,a single relative but non specific,,,,,,,,,,,,,,,
ma_era_1788444,"[265, 269]","I mean the point is that when someone starts attacking others because they're racist and have the position of power, they become the enemy, it's the same reason we've killed kells in the past. Of course, talking them down is first, but it's gotta be put simply, if they become a threat that can only be stopped with an act of violence (which, like it or not, is how racism quickly evolves, from just sentiments of hatred to systems that can't be dismantled peacefully), they'll be dealt with accordingly.

&amp;#x200B;

Basically, we've spent centuries fighting an entire inter-species war in which we quickly became the dominant side and are known for hunting down Eliksni giving no quarter, offering no chance of surrender, buncha shitheads in the city decide to do a racism, they better be happy that we give them the chance to put down the weapons and get the fuck back to their houses, cuz millions of eliksni civilians didn't get the same chance",/r/DestinyLore/comments/nq0t0u/a_familiar_hunter_was_showing_his_bad_side/h095pg0/,DestinyLore,ShardPerson,,1622591824,they ,X,plural_they,a plural pronoun referring to racist individuals in power,,,,,,,,,,,,,,,
ma_era_6248408,"[64, 68]","&gt;Also saying mountain would not describe an iceberg, because they are two very different things. Mountains are made of earth's crust and are a result of it pushing up each other. While icebergs are just broken off pieces.

iceberg literally means 'ice mountain'. It's from German Eisberg Eis-Berg = Ice-Mountain.",/r/Genshin_Impact/comments/nrauld/shouta_characters_when/h0jzfzc/,Genshin_Impact,HaukevonArding,,1622806104,they ,X,plural_they,two dinstinct geologocal ormaions,,,,,,,,,,,,,,,
ma_era_312901,"[58, 62]","I also wondered if when people say “first try” they mean, they didn’t have a loss before hand? 

But yes, still annoying! I HATE when people say that.",/r/TryingForABaby/comments/dbheof/general_chat_september_30_pm/f234lwq/,TryingForABaby,mckazzi--,30 | TTC#2 | Cycle 10,1569905899,they ,X,plural_they,people as a whole,,,,,,,,,,,,,,,
ma_era_5528028,"[222, 227]",Sounds like you’re saying their specific worker hangs up on you when you mention the family’s name. There are other people who work for CPS who won’t do that. Try speaking to the supervisor at the local office (google for their number) or try calling the hotline number I gave you and explain that the worker has been hanging up on you.,/r/venting/comments/nrp0ic/please_help_me_saved_abused_children/h0i4noe/,venting,sprinkles008,,1622763823,their ,X,generic_they,,X,,,,,,,,,,,,,,
ma_era_5444876,"[247, 252]","I should've added an /s because I was being sarcastic (sorry just started reddit) if I'm being honest, I don't know if I'm sexist or not, it's not for me to decide. Just like asking a parent, are you a good parent? That's not them to decide, it's their kids. 

I do treat females and males differently because they are inherently different on many levels. (it's the beauty of different gender!) I do let them be but I do have a problem if let's say, for one example, they start demanding me of new pronouns only to them, then I have a problem. They're not being ""just them"" and I'm not able to just be me.",/r/AskReddit/comments/nro43g/females_of_reddit_what_do_you_find_attractive_in/h0hxn7l/,AskReddit,japanda0,,1622760389,their ,X,singular_they,,X,,,,,,,,,,,,,,
LoRes_919,"[228, 233]","I mean yes, but I think you overestimate the critical thinking skills of the average redditer. There *are* people on here who use and recommend hard drugs regularly as a hobby, and OP could potentially still be in recovery from their drug use.",/r/AskUK/comments/xxrbwm/im_nearly_25_and_i_dont_have_anyone_what_can_i_do/irfdv24/,AskUK,DoubleUnderscore,,1665164103, their,X,plural_they,their = people's,,,,,,,,,,,,,,,
LoRes_11838,"[159, 164]",I completely agree. What is the difference between discriminating against someone with tattoos on their skin and discriminating against them for the colour of their skin?,/r/australia/comments/p0nn8/comment/c3lq2b5,australia,smiley_baby,,1327818854,their,X,generic_they,discrimination on people based on skin color and tattoos,,,,,,,,,,,,,,,
LoRes_1690,"[87, 97]","Absolutely, I'd be doing it for their own benefit. Either to protect them from killing themselves or from killing someone else; and then having to deal with the trauma of living with that as well as potential prison time. 

I think a driving ban and a fine is a pretty fair enough trade-off to ensure I keep my family alive and out of jail.",/r/AskUK/comments/y2enz5/if_you_was_a_police_officer_would_you_arrest/is4mteu/,AskUK,watsee,,1665646314, themselves,X,plural_they,themselves as a plural,,,,,,,,,,,,,,,
ma_era_3864019,"[93, 97]",I think you're being downvoted because it's a year old and no one cares about giving credit. They just want good meals/recipes to make.,/r/ketorecipes/comments/nqm8m0/ultra_crispy_parmesan_crusted_chicken/h0e482i/,ketorecipes,Cinderkin,,1622687020,They ,X,generic_they,they as redditor,,,,,,,,,,,,,,,
LoRes_7368,"[98, 105]","Nothing gets my back up quite like someone describing themselves as a 'realist'.  Especially when they're not talking about philosophy.  It's basically an adjective that means ""I believe I'm right"".",/r/australia/comments/omk22/comment/c3iga96,australia,curiouslystrongmints,,1326949623,they're,X,singular_they,someone describing themselves,,,,,,,,,,,,,,,X
ma_era_2662955,"[221, 225]","I have this airmax 1 from umkao. they reported the problem on the shoe, a slight paint bleed on midsole. I accept it and confirm shipping. Later on, when I receive the product it has sole seperation. A noticeable one and they didn't report it to me. Well it is fixable with superglue but still.",/r/WegobuyOfficial/comments/nqkbx0/long_term_terrible_customer_service/h0bbn70/,WegobuyOfficial,kevinccce,,1622642469,they ,X,singular_they,the seller at Umkao,,,,,,,,,,,,,,,
ma_era_2042801,"[254, 259]","Art is *conceptually built* from others' ideas.  Not *directly,* as OP has done here.  This took minimal effort, and certainly not remotely close to 12 hours.

What OP did was copy and paste someone else's essay, changed a few words, and submitted it to their teacher.  That's not ok; that's plagiarism.  It's important to call people out on this behavior.",/r/MandJTV/comments/npmzjf/took_me_around_12_hours_but_im_happy_with_the/h09scxb/,MandJTV,UnhealingMedic,,1622603570,their ,X,singular_they,their' is a singular specific pronoun referring clearly to OP,,,,,,,,,,,,,,,
ma_era_8451364,"[174, 179]",they did what now?  i don't get out much so i'm sorry about my ignorance to any driving rule changes.  i used to drive below the limit and other drivers would salute me with their middle fingers.,/r/Calgary/comments/nsxnzp/almost_a_week_with_40kph_residential_speed_limits/h0pcdmn/,Calgary,myleftnutispurple,,1622912283,their ,X,plural_they,referring to multiple frustrated drivers,,,,,,,,,,,,,,,
LoRes_1257,"[110, 114]","Bonus points if there's a queue of lorries on their way!
I had someone stop at the end of a slip road because they literally shouldn't be on the road! Love having to pretend im in FAST&amp;FURIOUS and do 0 to 70mph in my rusty red estate!!!!!!!!!!!!!!",/r/britishproblems/comments/y0bw51/drivers_merging_from_slip_onto_dual_carriageway/irs67ln/,britishproblems,lO_ol-BRRRRRR,,1665421473, they,X,singular_they,one particular incompetent driver,,,,,,,,,,,,,,,
LoRes_1554,"[66, 70]","By repeatedly saying “Nothing actually happens” when someone says they don’t want to wear clothes with other people’s bodily fluids you’re literally giving a (very weird) judgment about how someone’s hygiene standards are not low enough for you. 

Why does something need to happen? That’s like saying you don’t need to bathe much as nothing will happen, you’d just be icked out by it.",/r/AskUK/comments/xzk8qj/do_you_wash_your_tops_after_you_just_bought_it/is0ebv2/,AskUK,pinkleaf8,,1665576103, they,X,generic_they,any hypothetical person who refuses to wear soiled clothing,,,,,,,,,,,,,,,
ma_era_1618479,"[97, 101]",Kind of hard to see their point when almost all of this guy’s comment on this post are about how they hate straight men,/r/teenagers/comments/npz271/just_a_friendly_reminder/h08riwt/,teenagers,jarasonica,16,1622584749,they ,X,singular_they,a particular commenter ('this guy') whose gender identity may be either non-binary or simply unspecified ,,,,,,,,,,,,,,,
ma_era_5581297,"[157, 162]","I was making two separate points
1) to counter liberty hangout’s rhetoric that a few seconds of fun isn’t worth an eternity of hell, I point out that living their perfect Catholic lifestyle can have its own long lasting repercussions, sexual repression.
2) This person would bring up that a lifetime of sexual repression would still be less than an eternity in Hell, so to preemptively counter that I wrote that hell isn’t so bad in comparison if people like liberty hangout are in heaven. Obviously they won’t read this comment, I was just screaming snarky retorts into the void of the internet, so I didn’t proofread said comment to make it perfectly comprehensible",/r/ToiletPaperUSA/comments/nrkr46/i_fucking_love_liberty_hangout/h0i9cpd/,ToiletPaperUSA,ToastLord78,,1622766165,their ,X,singular_they, referring specifically to Liberty Hangout (as an entity/persona),X,,,,,,,,,,,,,,X
ma_era_2142683,"[130, 134]","Real estate photo shoot: you need to send out a “to-do” list at the time of making the appointment. If the realtor is experienced they should have been to the home before the shoot to make sure it was ready. 

So take this home as en axample to make your to-do list. Everything that was wrong with it that needed to be corrected should be a check box on your list. Including asking the owners to leave for the hour that you are there. 

The worst thing is constantly having someone in your shot because they don’t understand wide angle lens. 

Or if you’re doing the Flambient technique and the owner comes in and changes something in your composition as your shooting different exposures (moves a piece of furniture, turns on a lamp, moves a door or furniture etc)",/r/photography/comments/nq6ou9/shot_a_house_last_week_realtor_said_it_was_too/h0a1tvr/,photography,GueroBear,,1622608875,they ,X,generic_they, any hypothetical realtor,,,,,,,,,,,,,,,
ma_era_354280,"[140, 144]","But it is indeed possible for someone to change their timeline. It's just that their changes are constantly creating new timelines and that they may not necessarily be in the original timeline at the end of it.

In your eyes, you're not travelling to any alternate timelines because you're in one of many possible realities.",/r/marvelstudios/comments/dblnu2/a_panel_from_avengers_forever_3_1999_in_endgame/f2383ep/,marvelstudios,yuvi3000,Drax,1569910084,they ,X,singular_they,hypothetical timeline-altering individual,,,,,,,,,,,,,,,
ma_era_216282,"[207, 211]","stream of consciousness is one particular way to play, but not everyone does that

usually when i'm in a situation, i don't consciously in my head think about everything they can do. i moreso just know what they can do from experience from playing, and i pick my options from there

so if i notice someone rolls in from ledge a lot, i don't tell myself he's going to roll here, i just recognize the situation and execute based on what i think i know",/r/SSBM/comments/dbejw1/how_to_think_during_gameplay/f22vyhq/,SSBM,Zubat_Man,,1569898386,they ,X,generic_they,any opponent,,,,,,,,,,,,,,,
ma_era_4327880,"[286, 290]","i’m not sure if it’s just an unspoken rule or if there’s any sort of legality behind it, but i’ve seen multiple urbexers say stuff along the lines of “this item is so cool, i wish i could take it with me” when exploring.  the only time i saw a video of an urbexer taking something with them was a video of an abandoned ames that was once a hills (discount store from pittsburgh), and one of the explorers found a small piece of hills signage that they snagged.  it might have been dan bell, but i can’t remember.  i think you can still be charged with theft if you take something from an abandoned property, but honestly, i’m not sure why or how.",/r/abandoned/comments/nqvjc8/abandoned_for_over_a_decade_and_hidden_away_deep/h0fbiu7/,abandoned,[deleted],,1622718246,them ,X,singular_they, a particular explorer (possibly Dan Bell),X,,,,,,,,,,,,,,
ma_era_2069279,"[141, 145]","Yes it means tax, but it's not a contractual obligation that the store will pay your tax. The store is simply required to pay the tax due to them selling the item. I couldn't just pass the sales tax of everything I sell onto my customers. Feel free to open a retail business and let me know.",/r/NoStupidQuestions/comments/nq2h3l/so_if_minors_cannot_vote_but_can_be_taxed_isnt/h09utmd/,NoStupidQuestions,pawn_guy,,1622604899,them ,X,generic_they,referring to any hypothetical store owner,,,,,,,,,,,,,,,
ma_era_4688103,"[124, 129]",So many of my friends are terrified of sex too and it’s partially because their moms basically say it’s not fun...so either their sex life sucks or they are intentionally scaring them into not having sex. 🙃,/r/FundieSnarkUncensored/comments/nr500e/purity_rings_and_how_i_lost_mine_in_a_chickfila/h0g6z8s/,FundieSnarkUncensored,moonwalkinginlowes,First Whackadoo in the Chickfila Bathroom,1622733855,their ,X,plural_they,multiple friends' mothers,,,,,,,,,,,,,,,
ma_era_8285205,"[0, 4]","They broke Leader of the Pack too? 

Unbelievable... I'll never understand why beth leaves this game in the hands of incompetent programmers and why the lead devs still have their jobs.

Imagine if this team were doctors: ""I know sir, you came to us with a broken leg and we gave you a second nose and a wheel chair.""

...or lawyers: ""Yes, your honor, on the charge of first degree murder we plea purple because aliens don't wear hats.""",/r/FO76ForumRefugees/comments/nswt7j/easiest_way_to_kill_and_find_legendaries_leader/h0oxc3a/,FO76ForumRefugees,[deleted],,1622905285,They ,X,plural_they, game development team as a collective group,,,,,,,,,,,,,,,
ma_era_8274488,"[46, 51]",Very telling words from a person who makes up their own ideas on characters sexuality. That Instagram page made me disregard their opinion even more,/r/titanfolk/comments/nssdtk/i_have_never_seen_a_fandom_hate_fan_fiction_like/h0owdgk/,titanfolk,yasadboidepression,,1622904823,their ,X,singular_they,a particular Instagram user ,,,,,,,,,,,,,,,
LoRes_3727,"[167, 171]","At least if the caller was told to call 999 or Samaritans etc the call handler could argue they did the best they could.

Assuming they have no training, then telling them to call 999 is the best they can do, or like you said escalate to a manager.

What the call handler said in this case was definitely negligent and they don't have a leg to stand on.",/r/unitedkingdom/comments/ycylk1/dwp_admits_court_defeat_after_universal_credit/itsdfus/,unitedkingdom,savvy_shoppers,,1666739593, them,X,singular_they,distressed caller,,,,,,,,,,,,,,,
ma_era_207934,"[474, 478]","Yes, absolutely! I recently did a 3-round interview. Didn’t get the job, and never heard from them. Found out they hired someone else on LinkedIn. And I didn’t apply, they sought me out based on a former employer’s recommendation. Then, I did two interviews and two take-home evaluations for another company. Never heard from them. I emailed checking in. They called immediately and gave me an offer lower than what they knew my current salary is. I told them so, they said they will figure out what they can do and call me back. It’s been a month. The kicker? Both of these were for staffing agencies.",/r/recruitinghell/comments/dblv2m/dear_hiring_managers_if_you_expect_us_job_seekers/f22v64e/,recruitinghell,LeslieNope69,,1569897825,they ,X,plural_they,,X,,,,,,,,,,,,,,
ma_era_1216208,"[307, 311]","Are you sure that’s the only reason you’re still arguing? 
Seems you’re really miffed and trying here. 
Sorry I bother you so much 💗
Too bad you seem to have lost your argument about OP being a backpedaler and that the only argument you can hang onto is that I believe OP is a habitual liar by the evidence they themselves have provided.",/r/AmItheAsshole/comments/npt729/aita_for_shaming_my_sister_for_offering_to/h07v4bu/,AmItheAsshole,AkariAitsuki,,1622570022, they,X,plural_they,,,,,,,,,,,,,,,,
ma_era_3053292,"[38, 42]","Thank you for your response.

I think they have already started with 1 or 2 consultations from an attorney but only received written correspondence saying they arent willing to take on the case. There was really no other dialogue or expression as to why. Maybe if they understood the reasons or what is usually sought after in a case like this, then it would be easier to know how to proceed.",/r/legaladvice/comments/nqr3d2/needing_advice_would_this_be_considered_medical/h0c7egw/,legaladvice,Effective_Smile_218,,1622655736,they ,X,singular_they,,X,,,,,,,,,,,,,,
LoRes_12191,"[118, 123]","This is true. I think singularly, calling someone ""a black"" is pretty fucking offensive. That is reducing a person to their race. Racist people are downvoting you, because the right to be an asshole must never be questioned. ",/r/australia/comments/p2b5r/comment/c3m03hf,australia,[deleted],,1327904549,their,X,generic_they,,X,,,,,,,,,,,,,,
LoRes_2033,"[83, 88]",The person next to me on my commute back did this then... brushed their crumbs off their leg into my direction.,/r/britishproblems/comments/y4l3nm/eating_with_the_mouth_open/isfjq34/,britishproblems,emolga_91,,1665850984, their,X,singular_they,one clearly identified but gender-unknown person,,,,,,,,,,,,,,,
ma_era_196099,"[389, 393]","In our case, it's a shared blame. I don't absolve any of those who have any decision making clout off the hook. They all collectively didn't do enough. They didn't spend enough, didn't pick enough players, didn't approach and secure enough interest, didn't make their intentions known, didn't plan ahead (we should have been thinking about this midway through Ole's caretaking stint), and they didn't do their homework in assessing the glaring strengths and weaknesses of this team.

We cannot simply come in 6th place end of the season then find ourselves in the middle of table again without prominent people dropping the ball. I don't mind things not clicking right away if they showed ruthlessness and brought in a bunch of players and cleaned house. If they tried and failed, I don't have a problem with. But not trying enough and coming up short is inexcusable.",/r/reddevils/comments/das5v4/jonathan_wilson_ditching_ole_gunnar_solskjær_will/f22u15m/,reddevils,amalgamatedchaos,"Less Talking, More Walking...",1569897032,they ,X,plural_they,,X,,,,,,,,,,,,,,
LoRes_2690,"[114, 124]","There are only two people who have the power to do that currently, and one of them certainly isn’t going to throw themselves out of a job voluntarily.",/r/unitedkingdom/comments/y8blxu/liz_truss_does_not_vote_in_fracking_motion/iszaesi/,unitedkingdom,MC_chrome,,1666209876, themselves,X,singular_they,one specific powerful individual,,,,,,,,,,,,,,,
LoRes_1020,"[145, 150]","You don't want to look at it that way as it involves examining your part in this toxic mess. Where's your boundaries dude? If you'd said ""no"" to their suggestion of lunch over coffee then this wouldn't be an issue. Your friend may very well be an AH, but you're not without a role in this dumpster fire",/r/melbourne/comments/xys7r9/its_the_rmelbourne_daily_discussion_thread_sunday/irkm899/,melbourne,kidwithgreyhair,,1665273041, their,X,singular_they,eferring to the friend who suggested lunch ,,,,,,,,,,,,,,,
LoRes_1644,"[217, 222]","I would be more concerned that my local member was a get out of jail free card for small criminal possessions. This is a large haul which is harder to escape notice.

Edit: I believe the original comment was praising their local member that despite a family member being caught (with shitload of drugs), they are being 'great' as their local member was being human about this.",/r/sydney/comments/y2h7q8/nsw_deputy_premier_devastated_over_brothers_drug/is3ef0p/,sydney,Joakal,,1665621135, their,X,singular_they,constituent's local representative,,,,,,,,,,,,,,,
LoRes_1416,"[44, 48]",How to know someone hates you at Christmas… they buy you Quality Street instead of Roses…,/r/britishproblems/comments/y177pt/the_quality_street_golden_selection_missing_the/irwjj64/,britishproblems,Ultimate_Pickle,,1665503965, they,X,generic_they,to any hypothetical gift-giver,,,,,,,,,,,,,,,
ma_era_6317180,"[49, 54]","b44l has made the following comment(s) regarding their post:   
[Enjoy! I've personally always enjoyed the early le...](/r/UnearthedArcana/comments/ns3zb5/a_minimalistic_5e_ruleset_for_lowlevel_adventures/h0k62r8/)",/r/UnearthedArcana/comments/ns3zb5/a_minimalistic_5e_ruleset_for_lowlevel_adventures/h0k63kr/,UnearthedArcana,unearthedarcana_bot,,1622809885,their ,X,singular_they,eferring to the user 'b44l',,,,,,,,,,,,,,,
ma_era_2165880,"[4172, 4177]","&gt;As far as RAW is concerned, for combat purposes, each of your hands fit exactly one weapon.

This just isn't true. If you're going to argue RAW then show your working. Give me a quote and a page number. You seem to be imagining all this headcanon of specificity that just doesn't exist in the books. Here's what page 144 of the PHB has to say about Shields. ""Shields. A shield is made from wood or metal andis carried in one hand. Wielding a shield increases your Armor Class by 2. You can benefit from only one shield at a time."" the distinction between ""Carried in one hand"" and ""You may only carry one weapon in each hand"" is a flight of fancy that happened entirely within your mind.

&gt;RAW allows you to use your single ""free object interaction"" to draw a weapon as part of an Attack action. That's one draw per action, not one draw per attack in the ""flurry"" granted to you by Extra Attack (#).

That's cool, but drawing and stowing weapons from your pack or a scabbard or whatever has exactly zero bearing on your ability to hold things in your hands.

&gt;Hell, RAW doesn't even let you put anything in your shield hands.

Again, completely untrue, show your working. Give me a quote and a page number. Let's take a look at the Feat War Caster, that notably allows you to operate a spellcasting focus while holding a Sword and Shield so you can cast spells. On Page 170 of the PHB War Caster says ""You can perform the somatic components of spells even when you have weapons or a shield in one or both hands."" Now is there something we should be noticing about that wording? It tells us we need War Caster to ""Perform Somatic Components"" but makes absolutely no mention at all of holding or carrying a Spellcasting Focus. Now this of course logically follows to mean only one of two possible options:

1. You cannot cast a spell as a Sword and Board combatant without dropping your Weapon or Shield even ***with*** War Caster, as since you cannot carry your Focus at the same time as using your Sword and Shield your newfound ability to perform Somatic Components is worthless and you are gated by the same limitations as anyone else.
2. You do not need to have the War Caster feat to ***hold or carry*** a Spellcasting Focus as a Sword and Board Combatant, you just need it to ***Perform Somatic Components.*** I.e ***Use*** the object you are holding.If you're going to make arguments from RAW, they entirely support my argument.

&gt;Somehow 5E's shields are both strapped to the forearm (they take a roundto don / doff) and held (they fill your hand and prevent its use forother purposes). Bizarre.

Not so bizarre, while there are shields used by holding a bar or other handhold and shields strapped to the arm, most shields strapped to the arm are also held in the hand too while used. It looks like [This](https://www.worldhistory.org/img/c/p/1200x627/152.jpg).  This particular Hoplon has a rope to hold, but that's just one way of doing it many shields have wooden or metal bars to hold onto. You don't tend to see shields that are merely strapped to the arm and not also simultaneously held, an example of an exception being the Macedonian [Phalangite](https://hetairoi.de/sites/default/files/styles/fluff_image_large/public/2017-02/20150802_15-03-08_DSCN8737.jpg?itok=KV4DyzeJ) who strap a small shield called a Pelta to their arm and just let it sit on the forearm while they operate their Pikes with both hands. This is why you cannot ***use*** another object or weapon while holding and operating your sheild.

However shields prevent you from performing actions with other things while holding them, such as casting a spell (Without War Caster) or making a weapon attack. There is nothing stopping you from just holding something, observe this [Peltast](https://upload.wikimedia.org/wikipedia/commons/f/fc/Agrianian3.jpg) doing so. Note that he is still holding and operating the shield with his hand and not metely letting it hang off his arm from the strap like a Phalangite would. This is what the difference between ***holding*** an object, and ***using*** an object looks like. The Phalangite is ***holding*** their Shield and ***using*** their pike. While the Peltast is ***holding*** their Javelins and ***using*** their Shield.",/r/dndnext/comments/npkppy/whats_your_favorite_simple_melee_weapon/h0a3wjx/,dndnext,Antikas-Karios,,1622610219,their ,X,singular_they,each specific historical warrior type (Phalangite/Peltast),,,,,,,,,,,,,,,
,,,,,,,,,,,,,,,,,,,,,,,,,,
,,,,,,,,,,,,,,,,,,,,,,,,,,
,,,,,,,,,,,,,,,,,,,,,,,,,,
,,,,,,,,,,,,,,,,,,,,,,,,,,
,,,,,,,,,,,,,,,,,,,,,,,,,,
,,,,,,,,,,,,,,,,,,,,,,,,,,
,,,,,,,,,,,,,,,,,,,,,,,,,,
,,,,,,,,,,,,,,,,,,,,,,,,,,
,,,,,,,,,,,,,,,,,,,,,,,,,,
,,,,,,,,,,,,,,,,,,,,,,,,,,
,,,,,,,,,,,,,,,,,,,,,,,,,,
,,,,,,,,,,,,,,,,,,,,,,,,,,
,,,,,,,,,,,,,,,,,,,,,,,,,,
,,,,,,,,,,,,,,,,,,,,,,,,,,
,,,,,,,,,,,,,,,,,,,,,,,,,,
,,,,,,,,,,,,,,,,,,,,,,,,,,
,,,,,,,,,,,,,,,,,,,,,,,,,,
,,,,,,,,,,,,,,,,,,,,,,,,,,
,,,,,,,,,,,,,,,,,,,,,,,,,,
,,,,,,,,,,,,,,,,,,,,,,,,,,
,,,,,,,,,,,,,,,,,,,,,,,,,,
,,,,,,,,,,,,,,,,,,,,,,,,,,
,,,,,,,,,,,,,,,,,,,,,,,,,,
,,,,,,,,,,,,,,,,,,,,,,,,,,
,,,,,,,,,,,,,,,,,,,,,,,,,,
,,,,,,,,,,,,,,,,,,,,,,,,,,
,,,,,,,,,,,,,,,,,,,,,,,,,,
,,,,,,,,,,,,,,,,,,,,,,,,,,
,,,,,,,,,,,,,,,,,,,,,,,,,,
,,,,,,,,,,,,,,,,,,,,,,,,,,
,,,,,,,,,,,,,,,,,,,,,,,,,,
,,,,,,,,,,,,,,,,,,,,,,,,,,
,,,,,,,,,,,,,,,,,,,,,,,,,,
,,,,,,,,,,,,,,,,,,,,,,,,,,
,,,,,,,,,,,,,,,,,,,,,,,,,,
,,,,,,,,,,,,,,,,,,,,,,,,,,
,,,,,,,,,,,,,,,,,,,,,,,,,,
,,,,,,,,,,,,,,,,,,,,,,,,,,
,,,,,,,,,,,,,,,,,,,,,,,,,,
,,,,,,,,,,,,,,,,,,,,,,,,,,
,,,,,,,,,,,,,,,,,,,,,,,,,,
,,,,,,,,,,,,,,,,,,,,,,,,,,
,,,,,,,,,,,,,,,,,,,,,,,,,,
,,,,,,,,,,,,,,,,,,,,,,,,,,
,,,,,,,,,,,,,,,,,,,,,,,,,,
,,,,,,,,,,,,,,,,,,,,,,,,,,
,,,,,,,,,,,,,,,,,,,,,,,,,,
,,,,,,,,,,,,,,,,,,,,,,,,,,
,,,,,,,,,,,,,,,,,,,,,,,,,,
,,,,,,,,,,,,,,,,,,,,,,,,,,
,,,,,,,,,,,,,,,,,,,,,,,,,,
,,,,,,,,,,,,,,,,,,,,,,,,,,
,,,,,,,,,,,,,,,,,,,,,,,,,,
,,,,,,,,,,,,,,,,,,,,,,,,,,
,,,,,,,,,,,,,,,,,,,,,,,,,,
,,,,,,,,,,,,,,,,,,,,,,,,,,
,,,,,,,,,,,,,,,,,,,,,,,,,,
,,,,,,,,,,,,,,,,,,,,,,,,,,
,,,,,,,,,,,,,,,,,,,,,,,,,,
,,,,,,,,,,,,,,,,,,,,,,,,,,
,,,,,,,,,,,,,,,,,,,,,,,,,,
,,,,,,,,,,,,,,,,,,,,,,,,,,
,,,,,,,,,,,,,,,,,,,,,,,,,,
,,,,,,,,,,,,,,,,,,,,,,,,,,
,,,,,,,,,,,,,,,,,,,,,,,,,,
,,,,,,,,,,,,,,,,,,,,,,,,,,
,,,,,,,,,,,,,,,,,,,,,,,,,,
,,,,,,,,,,,,,,,,,,,,,,,,,,
,,,,,,,,,,,,,,,,,,,,,,,,,,
,,,,,,,,,,,,,,,,,,,,,,,,,,
,,,,,,,,,,,,,,,,,,,,,,,,,,
,,,,,,,,,,,,,,,,,,,,,,,,,,
,,,,,,,,,,,,,,,,,,,,,,,,,,
,,,,,,,,,,,,,,,,,,,,,,,,,,
,,,,,,,,,,,,,,,,,,,,,,,,,,
,,,,,,,,,,,,,,,,,,,,,,,,,,
,,,,,,,,,,,,,,,,,,,,,,,,,,
,,,,,,,,,,,,,,,,,,,,,,,,,,
,,,,,,,,,,,,,,,,,,,,,,,,,,
,,,,,,,,,,,,,,,,,,,,,,,,,,
,,,,,,,,,,,,,,,,,,,,,,,,,,
,,,,,,,,,,,,,,,,,,,,,,,,,,
,,,,,,,,,,,,,,,,,,,,,,,,,,
,,,,,,,,,,,,,,,,,,,,,,,,,,
,,,,,,,,,,,,,,,,,,,,,,,,,,
,,,,,,,,,,,,,,,,,,,,,,,,,,
,,,,,,,,,,,,,,,,,,,,,,,,,,
,,,,,,,,,,,,,,,,,,,,,,,,,,
,,,,,,,,,,,,,,,,,,,,,,,,,,
,,,,,,,,,,,,,,,,,,,,,,,,,,
,,,,,,,,,,,,,,,,,,,,,,,,,,
,,,,,,,,,,,,,,,,,,,,,,,,,,
,,,,,,,,,,,,,,,,,,,,,,,,,,
,,,,,,,,,,,,,,,,,,,,,,,,,,
,,,,,,,,,,,,,,,,,,,,,,,,,,
,,,,,,,,,,,,,,,,,,,,,,,,,,
,,,,,,,,,,,,,,,,,,,,,,,,,,
,,,,,,,,,,,,,,,,,,,,,,,,,,
,,,,,,,,,,,,,,,,,,,,,,,,,,
,,,,,,,,,,,,,,,,,,,,,,,,,,
,,,,,,,,,,,,,,,,,,,,,,,,,,
,,,,,,,,,,,,,,,,,,,,,,,,,,
,,,,,,,,,,,,,,,,,,,,,,,,,,
,,,,,,,,,,,,,,,,,,,,,,,,,,
,,,,,,,,,,,,,,,,,,,,,,,,,,
,,,,,,,,,,,,,,,,,,,,,,,,,,
,,,,,,,,,,,,,,,,,,,,,,,,,,
,,,,,,,,,,,,,,,,,,,,,,,,,,
,,,,,,,,,,,,,,,,,,,,,,,,,,
,,,,,,,,,,,,,,,,,,,,,,,,,,
,,,,,,,,,,,,,,,,,,,,,,,,,,
,,,,,,,,,,,,,,,,,,,,,,,,,,
,,,,,,,,,,,,,,,,,,,,,,,,,,
,,,,,,,,,,,,,,,,,,,,,,,,,,
,,,,,,,,,,,,,,,,,,,,,,,,,,
,,,,,,,,,,,,,,,,,,,,,,,,,,
,,,,,,,,,,,,,,,,,,,,,,,,,,
,,,,,,,,,,,,,,,,,,,,,,,,,,
,,,,,,,,,,,,,,,,,,,,,,,,,,
,,,,,,,,,,,,,,,,,,,,,,,,,,
,,,,,,,,,,,,,,,,,,,,,,,,,,
,,,,,,,,,,,,,,,,,,,,,,,,,,
,,,,,,,,,,,,,,,,,,,,,,,,,,
,,,,,,,,,,,,,,,,,,,,,,,,,,
,,,,,,,,,,,,,,,,,,,,,,,,,,
,,,,,,,,,,,,,,,,,,,,,,,,,,
,,,,,,,,,,,,,,,,,,,,,,,,,,
,,,,,,,,,,,,,,,,,,,,,,,,,,
,,,,,,,,,,,,,,,,,,,,,,,,,,
,,,,,,,,,,,,,,,,,,,,,,,,,,
,,,,,,,,,,,,,,,,,,,,,,,,,,
,,,,,,,,,,,,,,,,,,,,,,,,,,
,,,,,,,,,,,,,,,,,,,,,,,,,,
,,,,,,,,,,,,,,,,,,,,,,,,,,
,,,,,,,,,,,,,,,,,,,,,,,,,,
,,,,,,,,,,,,,,,,,,,,,,,,,,
,,,,,,,,,,,,,,,,,,,,,,,,,,
,,,,,,,,,,,,,,,,,,,,,,,,,,
,,,,,,,,,,,,,,,,,,,,,,,,,,
,,,,,,,,,,,,,,,,,,,,,,,,,,
,,,,,,,,,,,,,,,,,,,,,,,,,,
,,,,,,,,,,,,,,,,,,,,,,,,,,
,,,,,,,,,,,,,,,,,,,,,,,,,,
,,,,,,,,,,,,,,,,,,,,,,,,,,
,,,,,,,,,,,,,,,,,,,,,,,,,,
,,,,,,,,,,,,,,,,,,,,,,,,,,
,,,,,,,,,,,,,,,,,,,,,,,,,,
,,,,,,,,,,,,,,,,,,,,,,,,,,
,,,,,,,,,,,,,,,,,,,,,,,,,,
,,,,,,,,,,,,,,,,,,,,,,,,,,
,,,,,,,,,,,,,,,,,,,,,,,,,,
,,,,,,,,,,,,,,,,,,,,,,,,,,
,,,,,,,,,,,,,,,,,,,,,,,,,,
,,,,,,,,,,,,,,,,,,,,,,,,,,
,,,,,,,,,,,,,,,,,,,,,,,,,,
,,,,,,,,,,,,,,,,,,,,,,,,,,
,,,,,,,,,,,,,,,,,,,,,,,,,,
,,,,,,,,,,,,,,,,,,,,,,,,,,
,,,,,,,,,,,,,,,,,,,,,,,,,,
,,,,,,,,,,,,,,,,,,,,,,,,,,
,,,,,,,,,,,,,,,,,,,,,,,,,,
,,,,,,,,,,,,,,,,,,,,,,,,,,
,,,,,,,,,,,,,,,,,,,,,,,,,,
,,,,,,,,,,,,,,,,,,,,,,,,,,
,,,,,,,,,,,,,,,,,,,,,,,,,,
,,,,,,,,,,,,,,,,,,,,,,,,,,
,,,,,,,,,,,,,,,,,,,,,,,,,,
,,,,,,,,,,,,,,,,,,,,,,,,,,
,,,,,,,,,,,,,,,,,,,,,,,,,,
,,,,,,,,,,,,,,,,,,,,,,,,,,
,,,,,,,,,,,,,,,,,,,,,,,,,,
,,,,,,,,,,,,,,,,,,,,,,,,,,
,,,,,,,,,,,,,,,,,,,,,,,,,,
,,,,,,,,,,,,,,,,,,,,,,,,,,
,,,,,,,,,,,,,,,,,,,,,,,,,,
,,,,,,,,,,,,,,,,,,,,,,,,,,
,,,,,,,,,,,,,,,,,,,,,,,,,,
,,,,,,,,,,,,,,,,,,,,,,,,,,
,,,,,,,,,,,,,,,,,,,,,,,,,,
,,,,,,,,,,,,,,,,,,,,,,,,,,
,,,,,,,,,,,,,,,,,,,,,,,,,,
,,,,,,,,,,,,,,,,,,,,,,,,,,
,,,,,,,,,,,,,,,,,,,,,,,,,,
,,,,,,,,,,,,,,,,,,,,,,,,,,
,,,,,,,,,,,,,,,,,,,,,,,,,,
,,,,,,,,,,,,,,,,,,,,,,,,,,
,,,,,,,,,,,,,,,,,,,,,,,,,,
,,,,,,,,,,,,,,,,,,,,,,,,,,
,,,,,,,,,,,,,,,,,,,,,,,,,,
,,,,,,,,,,,,,,,,,,,,,,,,,,
,,,,,,,,,,,,,,,,,,,,,,,,,,
,,,,,,,,,,,,,,,,,,,,,,,,,,
,,,,,,,,,,,,,,,,,,,,,,,,,,
,,,,,,,,,,,,,,,,,,,,,,,,,,
,,,,,,,,,,,,,,,,,,,,,,,,,,
,,,,,,,,,,,,,,,,,,,,,,,,,,
,,,,,,,,,,,,,,,,,,,,,,,,,,
,,,,,,,,,,,,,,,,,,,,,,,,,,
,,,,,,,,,,,,,,,,,,,,,,,,,,
,,,,,,,,,,,,,,,,,,,,,,,,,,
,,,,,,,,,,,,,,,,,,,,,,,,,,
,,,,,,,,,,,,,,,,,,,,,,,,,,
,,,,,,,,,,,,,,,,,,,,,,,,,,
,,,,,,,,,,,,,,,,,,,,,,,,,,
,,,,,,,,,,,,,,,,,,,,,,,,,,
,,,,,,,,,,,,,,,,,,,,,,,,,,
,,,,,,,,,,,,,,,,,,,,,,,,,,
,,,,,,,,,,,,,,,,,,,,,,,,,,
,,,,,,,,,,,,,,,,,,,,,,,,,,
,,,,,,,,,,,,,,,,,,,,,,,,,,
,,,,,,,,,,,,,,,,,,,,,,,,,,
,,,,,,,,,,,,,,,,,,,,,,,,,,
,,,,,,,,,,,,,,,,,,,,,,,,,,
,,,,,,,,,,,,,,,,,,,,,,,,,,
,,,,,,,,,,,,,,,,,,,,,,,,,,
,,,,,,,,,,,,,,,,,,,,,,,,,,
,,,,,,,,,,,,,,,,,,,,,,,,,,
,,,,,,,,,,,,,,,,,,,,,,,,,,
,,,,,,,,,,,,,,,,,,,,,,,,,,
,,,,,,,,,,,,,,,,,,,,,,,,,,
,,,,,,,,,,,,,,,,,,,,,,,,,,
,,,,,,,,,,,,,,,,,,,,,,,,,,
,,,,,,,,,,,,,,,,,,,,,,,,,,
,,,,,,,,,,,,,,,,,,,,,,,,,,
,,,,,,,,,,,,,,,,,,,,,,,,,,
,,,,,,,,,,,,,,,,,,,,,,,,,,
,,,,,,,,,,,,,,,,,,,,,,,,,,
,,,,,,,,,,,,,,,,,,,,,,,,,,
,,,,,,,,,,,,,,,,,,,,,,,,,,
,,,,,,,,,,,,,,,,,,,,,,,,,,
,,,,,,,,,,,,,,,,,,,,,,,,,,
,,,,,,,,,,,,,,,,,,,,,,,,,,
,,,,,,,,,,,,,,,,,,,,,,,,,,
,,,,,,,,,,,,,,,,,,,,,,,,,,
,,,,,,,,,,,,,,,,,,,,,,,,,,
,,,,,,,,,,,,,,,,,,,,,,,,,,
,,,,,,,,,,,,,,,,,,,,,,,,,,
,,,,,,,,,,,,,,,,,,,,,,,,,,
,,,,,,,,,,,,,,,,,,,,,,,,,,
,,,,,,,,,,,,,,,,,,,,,,,,,,
,,,,,,,,,,,,,,,,,,,,,,,,,,
,,,,,,,,,,,,,,,,,,,,,,,,,,
,,,,,,,,,,,,,,,,,,,,,,,,,,
,,,,,,,,,,,,,,,,,,,,,,,,,,
,,,,,,,,,,,,,,,,,,,,,,,,,,
,,,,,,,,,,,,,,,,,,,,,,,,,,
,,,,,,,,,,,,,,,,,,,,,,,,,,
,,,,,,,,,,,,,,,,,,,,,,,,,,
,,,,,,,,,,,,,,,,,,,,,,,,,,
,,,,,,,,,,,,,,,,,,,,,,,,,,
,,,,,,,,,,,,,,,,,,,,,,,,,,
,,,,,,,,,,,,,,,,,,,,,,,,,,
,,,,,,,,,,,,,,,,,,,,,,,,,,
,,,,,,,,,,,,,,,,,,,,,,,,,,
,,,,,,,,,,,,,,,,,,,,,,,,,,
,,,,,,,,,,,,,,,,,,,,,,,,,,
,,,,,,,,,,,,,,,,,,,,,,,,,,
,,,,,,,,,,,,,,,,,,,,,,,,,,
,,,,,,,,,,,,,,,,,,,,,,,,,,
,,,,,,,,,,,,,,,,,,,,,,,,,,
,,,,,,,,,,,,,,,,,,,,,,,,,,
,,,,,,,,,,,,,,,,,,,,,,,,,,
,,,,,,,,,,,,,,,,,,,,,,,,,,
,,,,,,,,,,,,,,,,,,,,,,,,,,
,,,,,,,,,,,,,,,,,,,,,,,,,,
,,,,,,,,,,,,,,,,,,,,,,,,,,
,,,,,,,,,,,,,,,,,,,,,,,,,,
,,,,,,,,,,,,,,,,,,,,,,,,,,
,,,,,,,,,,,,,,,,,,,,,,,,,,
,,,,,,,,,,,,,,,,,,,,,,,,,,
,,,,,,,,,,,,,,,,,,,,,,,,,,
,,,,,,,,,,,,,,,,,,,,,,,,,,
,,,,,,,,,,,,,,,,,,,,,,,,,,
,,,,,,,,,,,,,,,,,,,,,,,,,,
,,,,,,,,,,,,,,,,,,,,,,,,,,
,,,,,,,,,,,,,,,,,,,,,,,,,,
,,,,,,,,,,,,,,,,,,,,,,,,,,
,,,,,,,,,,,,,,,,,,,,,,,,,,
,,,,,,,,,,,,,,,,,,,,,,,,,,
,,,,,,,,,,,,,,,,,,,,,,,,,,
,,,,,,,,,,,,,,,,,,,,,,,,,,
,,,,,,,,,,,,,,,,,,,,,,,,,,
,,,,,,,,,,,,,,,,,,,,,,,,,,
,,,,,,,,,,,,,,,,,,,,,,,,,,
,,,,,,,,,,,,,,,,,,,,,,,,,,
,,,,,,,,,,,,,,,,,,,,,,,,,,
,,,,,,,,,,,,,,,,,,,,,,,,,,
,,,,,,,,,,,,,,,,,,,,,,,,,,
,,,,,,,,,,,,,,,,,,,,,,,,,,
,,,,,,,,,,,,,,,,,,,,,,,,,,
,,,,,,,,,,,,,,,,,,,,,,,,,,
,,,,,,,,,,,,,,,,,,,,,,,,,,
,,,,,,,,,,,,,,,,,,,,,,,,,,
,,,,,,,,,,,,,,,,,,,,,,,,,,
,,,,,,,,,,,,,,,,,,,,,,,,,,
,,,,,,,,,,,,,,,,,,,,,,,,,,
,,,,,,,,,,,,,,,,,,,,,,,,,,
,,,,,,,,,,,,,,,,,,,,,,,,,,
,,,,,,,,,,,,,,,,,,,,,,,,,,
,,,,,,,,,,,,,,,,,,,,,,,,,,
,,,,,,,,,,,,,,,,,,,,,,,,,,
,,,,,,,,,,,,,,,,,,,,,,,,,,
,,,,,,,,,,,,,,,,,,,,,,,,,,
,,,,,,,,,,,,,,,,,,,,,,,,,,
,,,,,,,,,,,,,,,,,,,,,,,,,,
,,,,,,,,,,,,,,,,,,,,,,,,,,
,,,,,,,,,,,,,,,,,,,,,,,,,,
,,,,,,,,,,,,,,,,,,,,,,,,,,
,,,,,,,,,,,,,,,,,,,,,,,,,,
,,,,,,,,,,,,,,,,,,,,,,,,,,
,,,,,,,,,,,,,,,,,,,,,,,,,,
,,,,,,,,,,,,,,,,,,,,,,,,,,
,,,,,,,,,,,,,,,,,,,,,,,,,,
,,,,,,,,,,,,,,,,,,,,,,,,,,
,,,,,,,,,,,,,,,,,,,,,,,,,,
,,,,,,,,,,,,,,,,,,,,,,,,,,
,,,,,,,,,,,,,,,,,,,,,,,,,,
,,,,,,,,,,,,,,,,,,,,,,,,,,
,,,,,,,,,,,,,,,,,,,,,,,,,,
,,,,,,,,,,,,,,,,,,,,,,,,,,
,,,,,,,,,,,,,,,,,,,,,,,,,,
,,,,,,,,,,,,,,,,,,,,,,,,,,
,,,,,,,,,,,,,,,,,,,,,,,,,,
,,,,,,,,,,,,,,,,,,,,,,,,,,
,,,,,,,,,,,,,,,,,,,,,,,,,,
,,,,,,,,,,,,,,,,,,,,,,,,,,
,,,,,,,,,,,,,,,,,,,,,,,,,,
,,,,,,,,,,,,,,,,,,,,,,,,,,
,,,,,,,,,,,,,,,,,,,,,,,,,,
,,,,,,,,,,,,,,,,,,,,,,,,,,
,,,,,,,,,,,,,,,,,,,,,,,,,,
,,,,,,,,,,,,,,,,,,,,,,,,,,
,,,,,,,,,,,,,,,,,,,,,,,,,,
,,,,,,,,,,,,,,,,,,,,,,,,,,
,,,,,,,,,,,,,,,,,,,,,,,,,,
,,,,,,,,,,,,,,,,,,,,,,,,,,
,,,,,,,,,,,,,,,,,,,,,,,,,,
,,,,,,,,,,,,,,,,,,,,,,,,,,
,,,,,,,,,,,,,,,,,,,,,,,,,,
,,,,,,,,,,,,,,,,,,,,,,,,,,
,,,,,,,,,,,,,,,,,,,,,,,,,,
,,,,,,,,,,,,,,,,,,,,,,,,,,
,,,,,,,,,,,,,,,,,,,,,,,,,,
,,,,,,,,,,,,,,,,,,,,,,,,,,
,,,,,,,,,,,,,,,,,,,,,,,,,,
,,,,,,,,,,,,,,,,,,,,,,,,,,
,,,,,,,,,,,,,,,,,,,,,,,,,,
,,,,,,,,,,,,,,,,,,,,,,,,,,
,,,,,,,,,,,,,,,,,,,,,,,,,,
,,,,,,,,,,,,,,,,,,,,,,,,,,
,,,,,,,,,,,,,,,,,,,,,,,,,,
,,,,,,,,,,,,,,,,,,,,,,,,,,
,,,,,,,,,,,,,,,,,,,,,,,,,,
,,,,,,,,,,,,,,,,,,,,,,,,,,
,,,,,,,,,,,,,,,,,,,,,,,,,,
,,,,,,,,,,,,,,,,,,,,,,,,,,
,,,,,,,,,,,,,,,,,,,,,,,,,,
,,,,,,,,,,,,,,,,,,,,,,,,,,
,,,,,,,,,,,,,,,,,,,,,,,,,,
,,,,,,,,,,,,,,,,,,,,,,,,,,
,,,,,,,,,,,,,,,,,,,,,,,,,,
,,,,,,,,,,,,,,,,,,,,,,,,,,
,,,,,,,,,,,,,,,,,,,,,,,,,,
,,,,,,,,,,,,,,,,,,,,,,,,,,
,,,,,,,,,,,,,,,,,,,,,,,,,,
,,,,,,,,,,,,,,,,,,,,,,,,,,
,,,,,,,,,,,,,,,,,,,,,,,,,,
,,,,,,,,,,,,,,,,,,,,,,,,,,
,,,,,,,,,,,,,,,,,,,,,,,,,,
,,,,,,,,,,,,,,,,,,,,,,,,,,
,,,,,,,,,,,,,,,,,,,,,,,,,,
,,,,,,,,,,,,,,,,,,,,,,,,,,
,,,,,,,,,,,,,,,,,,,,,,,,,,
,,,,,,,,,,,,,,,,,,,,,,,,,,
,,,,,,,,,,,,,,,,,,,,,,,,,,
,,,,,,,,,,,,,,,,,,,,,,,,,,
,,,,,,,,,,,,,,,,,,,,,,,,,,
,,,,,,,,,,,,,,,,,,,,,,,,,,
,,,,,,,,,,,,,,,,,,,,,,,,,,
,,,,,,,,,,,,,,,,,,,,,,,,,,
,,,,,,,,,,,,,,,,,,,,,,,,,,
,,,,,,,,,,,,,,,,,,,,,,,,,,
,,,,,,,,,,,,,,,,,,,,,,,,,,
,,,,,,,,,,,,,,,,,,,,,,,,,,
,,,,,,,,,,,,,,,,,,,,,,,,,,
,,,,,,,,,,,,,,,,,,,,,,,,,,
,,,,,,,,,,,,,,,,,,,,,,,,,,
,,,,,,,,,,,,,,,,,,,,,,,,,,
,,,,,,,,,,,,,,,,,,,,,,,,,,
,,,,,,,,,,,,,,,,,,,,,,,,,,
,,,,,,,,,,,,,,,,,,,,,,,,,,
,,,,,,,,,,,,,,,,,,,,,,,,,,
,,,,,,,,,,,,,,,,,,,,,,,,,,
,,,,,,,,,,,,,,,,,,,,,,,,,,
,,,,,,,,,,,,,,,,,,,,,,,,,,
,,,,,,,,,,,,,,,,,,,,,,,,,,
,,,,,,,,,,,,,,,,,,,,,,,,,,
,,,,,,,,,,,,,,,,,,,,,,,,,,
,,,,,,,,,,,,,,,,,,,,,,,,,,
,,,,,,,,,,,,,,,,,,,,,,,,,,
,,,,,,,,,,,,,,,,,,,,,,,,,,
,,,,,,,,,,,,,,,,,,,,,,,,,,
,,,,,,,,,,,,,,,,,,,,,,,,,,
,,,,,,,,,,,,,,,,,,,,,,,,,,
,,,,,,,,,,,,,,,,,,,,,,,,,,
,,,,,,,,,,,,,,,,,,,,,,,,,,
,,,,,,,,,,,,,,,,,,,,,,,,,,
,,,,,,,,,,,,,,,,,,,,,,,,,,
,,,,,,,,,,,,,,,,,,,,,,,,,,
,,,,,,,,,,,,,,,,,,,,,,,,,,
,,,,,,,,,,,,,,,,,,,,,,,,,,
,,,,,,,,,,,,,,,,,,,,,,,,,,
,,,,,,,,,,,,,,,,,,,,,,,,,,
,,,,,,,,,,,,,,,,,,,,,,,,,,
,,,,,,,,,,,,,,,,,,,,,,,,,,
,,,,,,,,,,,,,,,,,,,,,,,,,,
,,,,,,,,,,,,,,,,,,,,,,,,,,
,,,,,,,,,,,,,,,,,,,,,,,,,,
,,,,,,,,,,,,,,,,,,,,,,,,,,
,,,,,,,,,,,,,,,,,,,,,,,,,,
,,,,,,,,,,,,,,,,,,,,,,,,,,
,,,,,,,,,,,,,,,,,,,,,,,,,,
,,,,,,,,,,,,,,,,,,,,,,,,,,
,,,,,,,,,,,,,,,,,,,,,,,,,,
,,,,,,,,,,,,,,,,,,,,,,,,,,
,,,,,,,,,,,,,,,,,,,,,,,,,,
,,,,,,,,,,,,,,,,,,,,,,,,,,
,,,,,,,,,,,,,,,,,,,,,,,,,,
,,,,,,,,,,,,,,,,,,,,,,,,,,
,,,,,,,,,,,,,,,,,,,,,,,,,,
,,,,,,,,,,,,,,,,,,,,,,,,,,
,,,,,,,,,,,,,,,,,,,,,,,,,,
,,,,,,,,,,,,,,,,,,,,,,,,,,
,,,,,,,,,,,,,,,,,,,,,,,,,,
,,,,,,,,,,,,,,,,,,,,,,,,,,
,,,,,,,,,,,,,,,,,,,,,,,,,,
,,,,,,,,,,,,,,,,,,,,,,,,,,
,,,,,,,,,,,,,,,,,,,,,,,,,,
,,,,,,,,,,,,,,,,,,,,,,,,,,
,,,,,,,,,,,,,,,,,,,,,,,,,,
,,,,,,,,,,,,,,,,,,,,,,,,,,
,,,,,,,,,,,,,,,,,,,,,,,,,,
,,,,,,,,,,,,,,,,,,,,,,,,,,
,,,,,,,,,,,,,,,,,,,,,,,,,,
,,,,,,,,,,,,,,,,,,,,,,,,,,
,,,,,,,,,,,,,,,,,,,,,,,,,,
,,,,,,,,,,,,,,,,,,,,,,,,,,
,,,,,,,,,,,,,,,,,,,,,,,,,,
,,,,,,,,,,,,,,,,,,,,,,,,,,
,,,,,,,,,,,,,,,,,,,,,,,,,,
,,,,,,,,,,,,,,,,,,,,,,,,,,
,,,,,,,,,,,,,,,,,,,,,,,,,,
,,,,,,,,,,,,,,,,,,,,,,,,,,
,,,,,,,,,,,,,,,,,,,,,,,,,,
,,,,,,,,,,,,,,,,,,,,,,,,,,
,,,,,,,,,,,,,,,,,,,,,,,,,,
,,,,,,,,,,,,,,,,,,,,,,,,,,
,,,,,,,,,,,,,,,,,,,,,,,,,,
,,,,,,,,,,,,,,,,,,,,,,,,,,
,,,,,,,,,,,,,,,,,,,,,,,,,,
,,,,,,,,,,,,,,,,,,,,,,,,,,
,,,,,,,,,,,,,,,,,,,,,,,,,,
,,,,,,,,,,,,,,,,,,,,,,,,,,
,,,,,,,,,,,,,,,,,,,,,,,,,,
,,,,,,,,,,,,,,,,,,,,,,,,,,
,,,,,,,,,,,,,,,,,,,,,,,,,,
,,,,,,,,,,,,,,,,,,,,,,,,,,
,,,,,,,,,,,,,,,,,,,,,,,,,,
,,,,,,,,,,,,,,,,,,,,,,,,,,
,,,,,,,,,,,,,,,,,,,,,,,,,,
,,,,,,,,,,,,,,,,,,,,,,,,,,
,,,,,,,,,,,,,,,,,,,,,,,,,,
,,,,,,,,,,,,,,,,,,,,,,,,,,
,,,,,,,,,,,,,,,,,,,,,,,,,,
,,,,,,,,,,,,,,,,,,,,,,,,,,
,,,,,,,,,,,,,,,,,,,,,,,,,,
,,,,,,,,,,,,,,,,,,,,,,,,,,
,,,,,,,,,,,,,,,,,,,,,,,,,,
,,,,,,,,,,,,,,,,,,,,,,,,,,
,,,,,,,,,,,,,,,,,,,,,,,,,,
,,,,,,,,,,,,,,,,,,,,,,,,,,
,,,,,,,,,,,,,,,,,,,,,,,,,,
,,,,,,,,,,,,,,,,,,,,,,,,,,
,,,,,,,,,,,,,,,,,,,,,,,,,,
,,,,,,,,,,,,,,,,,,,,,,,,,,
,,,,,,,,,,,,,,,,,,,,,,,,,,
,,,,,,,,,,,,,,,,,,,,,,,,,,
,,,,,,,,,,,,,,,,,,,,,,,,,,
,,,,,,,,,,,,,,,,,,,,,,,,,,
,,,,,,,,,,,,,,,,,,,,,,,,,,
,,,,,,,,,,,,,,,,,,,,,,,,,,
,,,,,,,,,,,,,,,,,,,,,,,,,,
,,,,,,,,,,,,,,,,,,,,,,,,,,
,,,,,,,,,,,,,,,,,,,,,,,,,,
,,,,,,,,,,,,,,,,,,,,,,,,,,
,,,,,,,,,,,,,,,,,,,,,,,,,,
,,,,,,,,,,,,,,,,,,,,,,,,,,
,,,,,,,,,,,,,,,,,,,,,,,,,,
,,,,,,,,,,,,,,,,,,,,,,,,,,
,,,,,,,,,,,,,,,,,,,,,,,,,,
,,,,,,,,,,,,,,,,,,,,,,,,,,
,,,,,,,,,,,,,,,,,,,,,,,,,,
,,,,,,,,,,,,,,,,,,,,,,,,,,
,,,,,,,,,,,,,,,,,,,,,,,,,,
,,,,,,,,,,,,,,,,,,,,,,,,,,
,,,,,,,,,,,,,,,,,,,,,,,,,,
,,,,,,,,,,,,,,,,,,,,,,,,,,
,,,,,,,,,,,,,,,,,,,,,,,,,,
,,,,,,,,,,,,,,,,,,,,,,,,,,
,,,,,,,,,,,,,,,,,,,,,,,,,,
,,,,,,,,,,,,,,,,,,,,,,,,,,
,,,,,,,,,,,,,,,,,,,,,,,,,,
,,,,,,,,,,,,,,,,,,,,,,,,,,
,,,,,,,,,,,,,,,,,,,,,,,,,,
,,,,,,,,,,,,,,,,,,,,,,,,,,
,,,,,,,,,,,,,,,,,,,,,,,,,,
,,,,,,,,,,,,,,,,,,,,,,,,,,
,,,,,,,,,,,,,,,,,,,,,,,,,,
,,,,,,,,,,,,,,,,,,,,,,,,,,
,,,,,,,,,,,,,,,,,,,,,,,,,,
,,,,,,,,,,,,,,,,,,,,,,,,,,
,,,,,,,,,,,,,,,,,,,,,,,,,,
,,,,,,,,,,,,,,,,,,,,,,,,,,
,,,,,,,,,,,,,,,,,,,,,,,,,,
,,,,,,,,,,,,,,,,,,,,,,,,,,
,,,,,,,,,,,,,,,,,,,,,,,,,,
,,,,,,,,,,,,,,,,,,,,,,,,,,
,,,,,,,,,,,,,,,,,,,,,,,,,,
,,,,,,,,,,,,,,,,,,,,,,,,,,
,,,,,,,,,,,,,,,,,,,,,,,,,,
,,,,,,,,,,,,,,,,,,,,,,,,,,
,,,,,,,,,,,,,,,,,,,,,,,,,,
,,,,,,,,,,,,,,,,,,,,,,,,,,
,,,,,,,,,,,,,,,,,,,,,,,,,,
,,,,,,,,,,,,,,,,,,,,,,,,,,
,,,,,,,,,,,,,,,,,,,,,,,,,,
,,,,,,,,,,,,,,,,,,,,,,,,,,
,,,,,,,,,,,,,,,,,,,,,,,,,,
,,,,,,,,,,,,,,,,,,,,,,,,,,
,,,,,,,,,,,,,,,,,,,,,,,,,,
,,,,,,,,,,,,,,,,,,,,,,,,,,
,,,,,,,,,,,,,,,,,,,,,,,,,,
,,,,,,,,,,,,,,,,,,,,,,,,,,
,,,,,,,,,,,,,,,,,,,,,,,,,,
,,,,,,,,,,,,,,,,,,,,,,,,,,
,,,,,,,,,,,,,,,,,,,,,,,,,,
,,,,,,,,,,,,,,,,,,,,,,,,,,
,,,,,,,,,,,,,,,,,,,,,,,,,,
,,,,,,,,,,,,,,,,,,,,,,,,,,
,,,,,,,,,,,,,,,,,,,,,,,,,,
,,,,,,,,,,,,,,,,,,,,,,,,,,
,,,,,,,,,,,,,,,,,,,,,,,,,,
,,,,,,,,,,,,,,,,,,,,,,,,,,
,,,,,,,,,,,,,,,,,,,,,,,,,,
,,,,,,,,,,,,,,,,,,,,,,,,,,
,,,,,,,,,,,,,,,,,,,,,,,,,,
,,,,,,,,,,,,,,,,,,,,,,,,,,
,,,,,,,,,,,,,,,,,,,,,,,,,,
,,,,,,,,,,,,,,,,,,,,,,,,,,
,,,,,,,,,,,,,,,,,,,,,,,,,,
,,,,,,,,,,,,,,,,,,,,,,,,,,
,,,,,,,,,,,,,,,,,,,,,,,,,,
,,,,,,,,,,,,,,,,,,,,,,,,,,
,,,,,,,,,,,,,,,,,,,,,,,,,,
,,,,,,,,,,,,,,,,,,,,,,,,,,
,,,,,,,,,,,,,,,,,,,,,,,,,,
,,,,,,,,,,,,,,,,,,,,,,,,,,
,,,,,,,,,,,,,,,,,,,,,,,,,,
,,,,,,,,,,,,,,,,,,,,,,,,,,
,,,,,,,,,,,,,,,,,,,,,,,,,,
,,,,,,,,,,,,,,,,,,,,,,,,,,
,,,,,,,,,,,,,,,,,,,,,,,,,,
,,,,,,,,,,,,,,,,,,,,,,,,,,
,,,,,,,,,,,,,,,,,,,,,,,,,,
,,,,,,,,,,,,,,,,,,,,,,,,,,
,,,,,,,,,,,,,,,,,,,,,,,,,,
,,,,,,,,,,,,,,,,,,,,,,,,,,
,,,,,,,,,,,,,,,,,,,,,,,,,,
,,,,,,,,,,,,,,,,,,,,,,,,,,
,,,,,,,,,,,,,,,,,,,,,,,,,,
,,,,,,,,,,,,,,,,,,,,,,,,,,
,,,,,,,,,,,,,,,,,,,,,,,,,,
,,,,,,,,,,,,,,,,,,,,,,,,,,
,,,,,,,,,,,,,,,,,,,,,,,,,,
,,,,,,,,,,,,,,,,,,,,,,,,,,
,,,,,,,,,,,,,,,,,,,,,,,,,,
,,,,,,,,,,,,,,,,,,,,,,,,,,
,,,,,,,,,,,,,,,,,,,,,,,,,,
,,,,,,,,,,,,,,,,,,,,,,,,,,
,,,,,,,,,,,,,,,,,,,,,,,,,,
,,,,,,,,,,,,,,,,,,,,,,,,,,
,,,,,,,,,,,,,,,,,,,,,,,,,,
,,,,,,,,,,,,,,,,,,,,,,,,,,
,,,,,,,,,,,,,,,,,,,,,,,,,,
,,,,,,,,,,,,,,,,,,,,,,,,,,
,,,,,,,,,,,,,,,,,,,,,,,,,,
,,,,,,,,,,,,,,,,,,,,,,,,,,
,,,,,,,,,,,,,,,,,,,,,,,,,,
,,,,,,,,,,,,,,,,,,,,,,,,,,
,,,,,,,,,,,,,,,,,,,,,,,,,,
,,,,,,,,,,,,,,,,,,,,,,,,,,
,,,,,,,,,,,,,,,,,,,,,,,,,,
,,,,,,,,,,,,,,,,,,,,,,,,,,
,,,,,,,,,,,,,,,,,,,,,,,,,,
,,,,,,,,,,,,,,,,,,,,,,,,,,
,,,,,,,,,,,,,,,,,,,,,,,,,,
,,,,,,,,,,,,,,,,,,,,,,,,,,
,,,,,,,,,,,,,,,,,,,,,,,,,,
,,,,,,,,,,,,,,,,,,,,,,,,,,
,,,,,,,,,,,,,,,,,,,,,,,,,,
,,,,,,,,,,,,,,,,,,,,,,,,,,
,,,,,,,,,,,,,,,,,,,,,,,,,,
,,,,,,,,,,,,,,,,,,,,,,,,,,
,,,,,,,,,,,,,,,,,,,,,,,,,,
,,,,,,,,,,,,,,,,,,,,,,,,,,
,,,,,,,,,,,,,,,,,,,,,,,,,,
,,,,,,,,,,,,,,,,,,,,,,,,,,
,,,,,,,,,,,,,,,,,,,,,,,,,,
,,,,,,,,,,,,,,,,,,,,,,,,,,
,,,,,,,,,,,,,,,,,,,,,,,,,,
,,,,,,,,,,,,,,,,,,,,,,,,,,
,,,,,,,,,,,,,,,,,,,,,,,,,,
,,,,,,,,,,,,,,,,,,,,,,,,,,
,,,,,,,,,,,,,,,,,,,,,,,,,,
,,,,,,,,,,,,,,,,,,,,,,,,,,
,,,,,,,,,,,,,,,,,,,,,,,,,,
,,,,,,,,,,,,,,,,,,,,,,,,,,
,,,,,,,,,,,,,,,,,,,,,,,,,,
,,,,,,,,,,,,,,,,,,,,,,,,,,
,,,,,,,,,,,,,,,,,,,,,,,,,,
,,,,,,,,,,,,,,,,,,,,,,,,,,
,,,,,,,,,,,,,,,,,,,,,,,,,,
,,,,,,,,,,,,,,,,,,,,,,,,,,
,,,,,,,,,,,,,,,,,,,,,,,,,,
,,,,,,,,,,,,,,,,,,,,,,,,,,
,,,,,,,,,,,,,,,,,,,,,,,,,,
,,,,,,,,,,,,,,,,,,,,,,,,,,
,,,,,,,,,,,,,,,,,,,,,,,,,,
,,,,,,,,,,,,,,,,,,,,,,,,,,
,,,,,,,,,,,,,,,,,,,,,,,,,,
,,,,,,,,,,,,,,,,,,,,,,,,,,
,,,,,,,,,,,,,,,,,,,,,,,,,,
,,,,,,,,,,,,,,,,,,,,,,,,,,
,,,,,,,,,,,,,,,,,,,,,,,,,,
,,,,,,,,,,,,,,,,,,,,,,,,,,
,,,,,,,,,,,,,,,,,,,,,,,,,,
,,,,,,,,,,,,,,,,,,,,,,,,,,
,,,,,,,,,,,,,,,,,,,,,,,,,,
,,,,,,,,,,,,,,,,,,,,,,,,,,
,,,,,,,,,,,,,,,,,,,,,,,,,,
,,,,,,,,,,,,,,,,,,,,,,,,,,
,,,,,,,,,,,,,,,,,,,,,,,,,,
,,,,,,,,,,,,,,,,,,,,,,,,,,
,,,,,,,,,,,,,,,,,,,,,,,,,,
,,,,,,,,,,,,,,,,,,,,,,,,,,
,,,,,,,,,,,,,,,,,,,,,,,,,,
,,,,,,,,,,,,,,,,,,,,,,,,,,
,,,,,,,,,,,,,,,,,,,,,,,,,,
,,,,,,,,,,,,,,,,,,,,,,,,,,
,,,,,,,,,,,,,,,,,,,,,,,,,,
,,,,,,,,,,,,,,,,,,,,,,,,,,
,,,,,,,,,,,,,,,,,,,,,,,,,,
,,,,,,,,,,,,,,,,,,,,,,,,,,
,,,,,,,,,,,,,,,,,,,,,,,,,,
,,,,,,,,,,,,,,,,,,,,,,,,,,
,,,,,,,,,,,,,,,,,,,,,,,,,,
,,,,,,,,,,,,,,,,,,,,,,,,,,
,,,,,,,,,,,,,,,,,,,,,,,,,,
,,,,,,,,,,,,,,,,,,,,,,,,,,
,,,,,,,,,,,,,,,,,,,,,,,,,,
,,,,,,,,,,,,,,,,,,,,,,,,,,
,,,,,,,,,,,,,,,,,,,,,,,,,,
,,,,,,,,,,,,,,,,,,,,,,,,,,
,,,,,,,,,,,,,,,,,,,,,,,,,,
,,,,,,,,,,,,,,,,,,,,,,,,,,
,,,,,,,,,,,,,,,,,,,,,,,,,,
,,,,,,,,,,,,,,,,,,,,,,,,,,
,,,,,,,,,,,,,,,,,,,,,,,,,,
,,,,,,,,,,,,,,,,,,,,,,,,,,
,,,,,,,,,,,,,,,,,,,,,,,,,,
,,,,,,,,,,,,,,,,,,,,,,,,,,
,,,,,,,,,,,,,,,,,,,,,,,,,,
,,,,,,,,,,,,,,,,,,,,,,,,,,
,,,,,,,,,,,,,,,,,,,,,,,,,,
,,,,,,,,,,,,,,,,,,,,,,,,,,
,,,,,,,,,,,,,,,,,,,,,,,,,,
,,,,,,,,,,,,,,,,,,,,,,,,,,
,,,,,,,,,,,,,,,,,,,,,,,,,,
,,,,,,,,,,,,,,,,,,,,,,,,,,
,,,,,,,,,,,,,,,,,,,,,,,,,,
,,,,,,,,,,,,,,,,,,,,,,,,,,
,,,,,,,,,,,,,,,,,,,,,,,,,,
,,,,,,,,,,,,,,,,,,,,,,,,,,
,,,,,,,,,,,,,,,,,,,,,,,,,,
,,,,,,,,,,,,,,,,,,,,,,,,,,
,,,,,,,,,,,,,,,,,,,,,,,,,,
,,,,,,,,,,,,,,,,,,,,,,,,,,
,,,,,,,,,,,,,,,,,,,,,,,,,,
,,,,,,,,,,,,,,,,,,,,,,,,,,
,,,,,,,,,,,,,,,,,,,,,,,,,,
,,,,,,,,,,,,,,,,,,,,,,,,,,
,,,,,,,,,,,,,,,,,,,,,,,,,,
,,,,,,,,,,,,,,,,,,,,,,,,,,
,,,,,,,,,,,,,,,,,,,,,,,,,,
,,,,,,,,,,,,,,,,,,,,,,,,,,
,,,,,,,,,,,,,,,,,,,,,,,,,,
,,,,,,,,,,,,,,,,,,,,,,,,,,
,,,,,,,,,,,,,,,,,,,,,,,,,,
,,,,,,,,,,,,,,,,,,,,,,,,,,
,,,,,,,,,,,,,,,,,,,,,,,,,,
,,,,,,,,,,,,,,,,,,,,,,,,,,
,,,,,,,,,,,,,,,,,,,,,,,,,,
,,,,,,,,,,,,,,,,,,,,,,,,,,
,,,,,,,,,,,,,,,,,,,,,,,,,,
,,,,,,,,,,,,,,,,,,,,,,,,,,
,,,,,,,,,,,,,,,,,,,,,,,,,,
,,,,,,,,,,,,,,,,,,,,,,,,,,
,,,,,,,,,,,,,,,,,,,,,,,,,,
,,,,,,,,,,,,,,,,,,,,,,,,,,
,,,,,,,,,,,,,,,,,,,,,,,,,,
,,,,,,,,,,,,,,,,,,,,,,,,,,
,,,,,,,,,,,,,,,,,,,,,,,,,,
,,,,,,,,,,,,,,,,,,,,,,,,,,
,,,,,,,,,,,,,,,,,,,,,,,,,,
,,,,,,,,,,,,,,,,,,,,,,,,,,
,,,,,,,,,,,,,,,,,,,,,,,,,,
,,,,,,,,,,,,,,,,,,,,,,,,,,
,,,,,,,,,,,,,,,,,,,,,,,,,,
,,,,,,,,,,,,,,,,,,,,,,,,,,
,,,,,,,,,,,,,,,,,,,,,,,,,,
,,,,,,,,,,,,,,,,,,,,,,,,,,
,,,,,,,,,,,,,,,,,,,,,,,,,,
,,,,,,,,,,,,,,,,,,,,,,,,,,
,,,,,,,,,,,,,,,,,,,,,,,,,,
,,,,,,,,,,,,,,,,,,,,,,,,,,
,,,,,,,,,,,,,,,,,,,,,,,,,,
,,,,,,,,,,,,,,,,,,,,,,,,,,
,,,,,,,,,,,,,,,,,,,,,,,,,,
,,,,,,,,,,,,,,,,,,,,,,,,,,
,,,,,,,,,,,,,,,,,,,,,,,,,,
,,,,,,,,,,,,,,,,,,,,,,,,,,
,,,,,,,,,,,,,,,,,,,,,,,,,,
,,,,,,,,,,,,,,,,,,,,,,,,,,
,,,,,,,,,,,,,,,,,,,,,,,,,,
,,,,,,,,,,,,,,,,,,,,,,,,,,
,,,,,,,,,,,,,,,,,,,,,,,,,,
,,,,,,,,,,,,,,,,,,,,,,,,,,
,,,,,,,,,,,,,,,,,,,,,,,,,,
,,,,,,,,,,,,,,,,,,,,,,,,,,
,,,,,,,,,,,,,,,,,,,,,,,,,,
,,,,,,,,,,,,,,,,,,,,,,,,,,
,,,,,,,,,,,,,,,,,,,,,,,,,,
,,,,,,,,,,,,,,,,,,,,,,,,,,
,,,,,,,,,,,,,,,,,,,,,,,,,,
,,,,,,,,,,,,,,,,,,,,,,,,,,
,,,,,,,,,,,,,,,,,,,,,,,,,,
,,,,,,,,,,,,,,,,,,,,,,,,,,
,,,,,,,,,,,,,,,,,,,,,,,,,,
,,,,,,,,,,,,,,,,,,,,,,,,,,
,,,,,,,,,,,,,,,,,,,,,,,,,,
,,,,,,,,,,,,,,,,,,,,,,,,,,
,,,,,,,,,,,,,,,,,,,,,,,,,,
,,,,,,,,,,,,,,,,,,,,,,,,,,
,,,,,,,,,,,,,,,,,,,,,,,,,,
,,,,,,,,,,,,,,,,,,,,,,,,,,
,,,,,,,,,,,,,,,,,,,,,,,,,,
,,,,,,,,,,,,,,,,,,,,,,,,,,
,,,,,,,,,,,,,,,,,,,,,,,,,,
,,,,,,,,,,,,,,,,,,,,,,,,,,
,,,,,,,,,,,,,,,,,,,,,,,,,,
,,,,,,,,,,,,,,,,,,,,,,,,,,
,,,,,,,,,,,,,,,,,,,,,,,,,,
,,,,,,,,,,,,,,,,,,,,,,,,,,
,,,,,,,,,,,,,,,,,,,,,,,,,,
,,,,,,,,,,,,,,,,,,,,,,,,,,
,,,,,,,,,,,,,,,,,,,,,,,,,,
,,,,,,,,,,,,,,,,,,,,,,,,,,
,,,,,,,,,,,,,,,,,,,,,,,,,,
,,,,,,,,,,,,,,,,,,,,,,,,,,
,,,,,,,,,,,,,,,,,,,,,,,,,,
,,,,,,,,,,,,,,,,,,,,,,,,,,
,,,,,,,,,,,,,,,,,,,,,,,,,,
,,,,,,,,,,,,,,,,,,,,,,,,,,
,,,,,,,,,,,,,,,,,,,,,,,,,,
,,,,,,,,,,,,,,,,,,,,,,,,,,
,,,,,,,,,,,,,,,,,,,,,,,,,,
,,,,,,,,,,,,,,,,,,,,,,,,,,
,,,,,,,,,,,,,,,,,,,,,,,,,,
,,,,,,,,,,,,,,,,,,,,,,,,,,
,,,,,,,,,,,,,,,,,,,,,,,,,,
,,,,,,,,,,,,,,,,,,,,,,,,,,
,,,,,,,,,,,,,,,,,,,,,,,,,,
,,,,,,,,,,,,,,,,,,,,,,,,,,
,,,,,,,,,,,,,,,,,,,,,,,,,,
,,,,,,,,,,,,,,,,,,,,,,,,,,
,,,,,,,,,,,,,,,,,,,,,,,,,,
,,,,,,,,,,,,,,,,,,,,,,,,,,
,,,,,,,,,,,,,,,,,,,,,,,,,,
,,,,,,,,,,,,,,,,,,,,,,,,,,
,,,,,,,,,,,,,,,,,,,,,,,,,,
,,,,,,,,,,,,,,,,,,,,,,,,,,
,,,,,,,,,,,,,,,,,,,,,,,,,,
,,,,,,,,,,,,,,,,,,,,,,,,,,
,,,,,,,,,,,,,,,,,,,,,,,,,,
,,,,,,,,,,,,,,,,,,,,,,,,,,
,,,,,,,,,,,,,,,,,,,,,,,,,,
,,,,,,,,,,,,,,,,,,,,,,,,,,
,,,,,,,,,,,,,,,,,,,,,,,,,,
,,,,,,,,,,,,,,,,,,,,,,,,,,
,,,,,,,,,,,,,,,,,,,,,,,,,,
,,,,,,,,,,,,,,,,,,,,,,,,,,
,,,,,,,,,,,,,,,,,,,,,,,,,,
,,,,,,,,,,,,,,,,,,,,,,,,,,
,,,,,,,,,,,,,,,,,,,,,,,,,,
,,,,,,,,,,,,,,,,,,,,,,,,,,
,,,,,,,,,,,,,,,,,,,,,,,,,,
,,,,,,,,,,,,,,,,,,,,,,,,,,
,,,,,,,,,,,,,,,,,,,,,,,,,,
,,,,,,,,,,,,,,,,,,,,,,,,,,
,,,,,,,,,,,,,,,,,,,,,,,,,,
,,,,,,,,,,,,,,,,,,,,,,,,,,
,,,,,,,,,,,,,,,,,,,,,,,,,,
,,,,,,,,,,,,,,,,,,,,,,,,,,
,,,,,,,,,,,,,,,,,,,,,,,,,,
,,,,,,,,,,,,,,,,,,,,,,,,,,
,,,,,,,,,,,,,,,,,,,,,,,,,,
,,,,,,,,,,,,,,,,,,,,,,,,,,
,,,,,,,,,,,,,,,,,,,,,,,,,,
,,,,,,,,,,,,,,,,,,,,,,,,,,
,,,,,,,,,,,,,,,,,,,,,,,,,,
,,,,,,,,,,,,,,,,,,,,,,,,,,
,,,,,,,,,,,,,,,,,,,,,,,,,,
,,,,,,,,,,,,,,,,,,,,,,,,,,
,,,,,,,,,,,,,,,,,,,,,,,,,,
,,,,,,,,,,,,,,,,,,,,,,,,,,
,,,,,,,,,,,,,,,,,,,,,,,,,,
,,,,,,,,,,,,,,,,,,,,,,,,,,
,,,,,,,,,,,,,,,,,,,,,,,,,,
,,,,,,,,,,,,,,,,,,,,,,,,,,
,,,,,,,,,,,,,,,,,,,,,,,,,,
,,,,,,,,,,,,,,,,,,,,,,,,,,
,,,,,,,,,,,,,,,,,,,,,,,,,,
,,,,,,,,,,,,,,,,,,,,,,,,,,
,,,,,,,,,,,,,,,,,,,,,,,,,,
,,,,,,,,,,,,,,,,,,,,,,,,,,
,,,,,,,,,,,,,,,,,,,,,,,,,,
,,,,,,,,,,,,,,,,,,,,,,,,,,
,,,,,,,,,,,,,,,,,,,,,,,,,,
,,,,,,,,,,,,,,,,,,,,,,,,,,
,,,,,,,,,,,,,,,,,,,,,,,,,,
,,,,,,,,,,,,,,,,,,,,,,,,,,
,,,,,,,,,,,,,,,,,,,,,,,,,,
,,,,,,,,,,,,,,,,,,,,,,,,,,
,,,,,,,,,,,,,,,,,,,,,,,,,,
,,,,,,,,,,,,,,,,,,,,,,,,,,
,,,,,,,,,,,,,,,,,,,,,,,,,,
,,,,,,,,,,,,,,,,,,,,,,,,,,
,,,,,,,,,,,,,,,,,,,,,,,,,,
,,,,,,,,,,,,,,,,,,,,,,,,,,
,,,,,,,,,,,,,,,,,,,,,,,,,,
,,,,,,,,,,,,,,,,,,,,,,,,,,
,,,,,,,,,,,,,,,,,,,,,,,,,,
,,,,,,,,,,,,,,,,,,,,,,,,,,
,,,,,,,,,,,,,,,,,,,,,,,,,,
,,,,,,,,,,,,,,,,,,,,,,,,,,
,,,,,,,,,,,,,,,,,,,,,,,,,,
,,,,,,,,,,,,,,,,,,,,,,,,,,
,,,,,,,,,,,,,,,,,,,,,,,,,,
,,,,,,,,,,,,,,,,,,,,,,,,,,
,,,,,,,,,,,,,,,,,,,,,,,,,,
,,,,,,,,,,,,,,,,,,,,,,,,,,
,,,,,,,,,,,,,,,,,,,,,,,,,,
,,,,,,,,,,,,,,,,,,,,,,,,,,
,,,,,,,,,,,,,,,,,,,,,,,,,,
,,,,,,,,,,,,,,,,,,,,,,,,,,
,,,,,,,,,,,,,,,,,,,,,,,,,,
,,,,,,,,,,,,,,,,,,,,,,,,,,
,,,,,,,,,,,,,,,,,,,,,,,,,,
,,,,,,,,,,,,,,,,,,,,,,,,,,
,,,,,,,,,,,,,,,,,,,,,,,,,,
,,,,,,,,,,,,,,,,,,,,,,,,,,
,,,,,,,,,,,,,,,,,,,,,,,,,,
,,,,,,,,,,,,,,,,,,,,,,,,,,
,,,,,,,,,,,,,,,,,,,,,,,,,,
,,,,,,,,,,,,,,,,,,,,,,,,,,
,,,,,,,,,,,,,,,,,,,,,,,,,,
,,,,,,,,,,,,,,,,,,,,,,,,,,
,,,,,,,,,,,,,,,,,,,,,,,,,,
,,,,,,,,,,,,,,,,,,,,,,,,,,
,,,,,,,,,,,,,,,,,,,,,,,,,,
,,,,,,,,,,,,,,,,,,,,,,,,,,
,,,,,,,,,,,,,,,,,,,,,,,,,,
,,,,,,,,,,,,,,,,,,,,,,,,,,
,,,,,,,,,,,,,,,,,,,,,,,,,,
,,,,,,,,,,,,,,,,,,,,,,,,,,
,,,,,,,,,,,,,,,,,,,,,,,,,,
,,,,,,,,,,,,,,,,,,,,,,,,,,
,,,,,,,,,,,,,,,,,,,,,,,,,,
,,,,,,,,,,,,,,,,,,,,,,,,,,
,,,,,,,,,,,,,,,,,,,,,,,,,,
,,,,,,,,,,,,,,,,,,,,,,,,,,
,,,,,,,,,,,,,,,,,,,,,,,,,,
,,,,,,,,,,,,,,,,,,,,,,,,,,
,,,,,,,,,,,,,,,,,,,,,,,,,,
,,,,,,,,,,,,,,,,,,,,,,,,,,
,,,,,,,,,,,,,,,,,,,,,,,,,,
,,,,,,,,,,,,,,,,,,,,,,,,,,
,,,,,,,,,,,,,,,,,,,,,,,,,,
,,,,,,,,,,,,,,,,,,,,,,,,,,
,,,,,,,,,,,,,,,,,,,,,,,,,,
,,,,,,,,,,,,,,,,,,,,,,,,,,
,,,,,,,,,,,,,,,,,,,,,,,,,,
,,,,,,,,,,,,,,,,,,,,,,,,,,
,,,,,,,,,,,,,,,,,,,,,,,,,,
,,,,,,,,,,,,,,,,,,,,,,,,,,
,,,,,,,,,,,,,,,,,,,,,,,,,,
,,,,,,,,,,,,,,,,,,,,,,,,,,
,,,,,,,,,,,,,,,,,,,,,,,,,,
,,,,,,,,,,,,,,,,,,,,,,,,,,
,,,,,,,,,,,,,,,,,,,,,,,,,,
,,,,,,,,,,,,,,,,,,,,,,,,,,
,,,,,,,,,,,,,,,,,,,,,,,,,,
,,,,,,,,,,,,,,,,,,,,,,,,,,
,,,,,,,,,,,,,,,,,,,,,,,,,,
,,,,,,,,,,,,,,,,,,,,,,,,,,
,,,,,,,,,,,,,,,,,,,,,,,,,,
,,,,,,,,,,,,,,,,,,,,,,,,,,
,,,,,,,,,,,,,,,,,,,,,,,,,,
,,,,,,,,,,,,,,,,,,,,,,,,,,
,,,,,,,,,,,,,,,,,,,,,,,,,,
,,,,,,,,,,,,,,,,,,,,,,,,,,
,,,,,,,,,,,,,,,,,,,,,,,,,,
,,,,,,,,,,,,,,,,,,,,,,,,,,
,,,,,,,,,,,,,,,,,,,,,,,,,,
,,,,,,,,,,,,,,,,,,,,,,,,,,
,,,,,,,,,,,,,,,,,,,,,,,,,,
,,,,,,,,,,,,,,,,,,,,,,,,,,
,,,,,,,,,,,,,,,,,,,,,,,,,,
,,,,,,,,,,,,,,,,,,,,,,,,,,
,,,,,,,,,,,,,,,,,,,,,,,,,,
,,,,,,,,,,,,,,,,,,,,,,,,,,
,,,,,,,,,,,,,,,,,,,,,,,,,,
,,,,,,,,,,,,,,,,,,,,,,,,,,
,,,,,,,,,,,,,,,,,,,,,,,,,,
,,,,,,,,,,,,,,,,,,,,,,,,,,
,,,,,,,,,,,,,,,,,,,,,,,,,,
,,,,,,,,,,,,,,,,,,,,,,,,,,
,,,,,,,,,,,,,,,,,,,,,,,,,,
,,,,,,,,,,,,,,,,,,,,,,,,,,
,,,,,,,,,,,,,,,,,,,,,,,,,,
,,,,,,,,,,,,,,,,,,,,,,,,,,
,,,,,,,,,,,,,,,,,,,,,,,,,,
,,,,,,,,,,,,,,,,,,,,,,,,,,
,,,,,,,,,,,,,,,,,,,,,,,,,,
,,,,,,,,,,,,,,,,,,,,,,,,,,
,,,,,,,,,,,,,,,,,,,,,,,,,,
,,,,,,,,,,,,,,,,,,,,,,,,,,
,,,,,,,,,,,,,,,,,,,,,,,,,,
,,,,,,,,,,,,,,,,,,,,,,,,,,
,,,,,,,,,,,,,,,,,,,,,,,,,,
,,,,,,,,,,,,,,,,,,,,,,,,,,
,,,,,,,,,,,,,,,,,,,,,,,,,,
,,,,,,,,,,,,,,,,,,,,,,,,,,
,,,,,,,,,,,,,,,,,,,,,,,,,,
,,,,,,,,,,,,,,,,,,,,,,,,,,
,,,,,,,,,,,,,,,,,,,,,,,,,,
,,,,,,,,,,,,,,,,,,,,,,,,,,
,,,,,,,,,,,,,,,,,,,,,,,,,,
,,,,,,,,,,,,,,,,,,,,,,,,,,
,,,,,,,,,,,,,,,,,,,,,,,,,,
,,,,,,,,,,,,,,,,,,,,,,,,,,
,,,,,,,,,,,,,,,,,,,,,,,,,,
,,,,,,,,,,,,,,,,,,,,,,,,,,
,,,,,,,,,,,,,,,,,,,,,,,,,,
,,,,,,,,,,,,,,,,,,,,,,,,,,
,,,,,,,,,,,,,,,,,,,,,,,,,,
,,,,,,,,,,,,,,,,,,,,,,,,,,
,,,,,,,,,,,,,,,,,,,,,,,,,,
,,,,,,,,,,,,,,,,,,,,,,,,,,
,,,,,,,,,,,,,,,,,,,,,,,,,,
,,,,,,,,,,,,,,,,,,,,,,,,,,
,,,,,,,,,,,,,,,,,,,,,,,,,,
,,,,,,,,,,,,,,,,,,,,,,,,,,
,,,,,,,,,,,,,,,,,,,,,,,,,,
,,,,,,,,,,,,,,,,,,,,,,,,,,
,,,,,,,,,,,,,,,,,,,,,,,,,,
,,,,,,,,,,,,,,,,,,,,,,,,,,
,,,,,,,,,,,,,,,,,,,,,,,,,,
,,,,,,,,,,,,,,,,,,,,,,,,,,
,,,,,,,,,,,,,,,,,,,,,,,,,,
,,,,,,,,,,,,,,,,,,,,,,,,,,
,,,,,,,,,,,,,,,,,,,,,,,,,,
,,,,,,,,,,,,,,,,,,,,,,,,,,
,,,,,,,,,,,,,,,,,,,,,,,,,,
,,,,,,,,,,,,,,,,,,,,,,,,,,
,,,,,,,,,,,,,,,,,,,,,,,,,,
,,,,,,,,,,,,,,,,,,,,,,,,,,
,,,,,,,,,,,,,,,,,,,,,,,,,,
,,,,,,,,,,,,,,,,,,,,,,,,,,
,,,,,,,,,,,,,,,,,,,,,,,,,,
,,,,,,,,,,,,,,,,,,,,,,,,,,
,,,,,,,,,,,,,,,,,,,,,,,,,,
,,,,,,,,,,,,,,,,,,,,,,,,,,
,,,,,,,,,,,,,,,,,,,,,,,,,,
,,,,,,,,,,,,,,,,,,,,,,,,,,
,,,,,,,,,,,,,,,,,,,,,,,,,,
,,,,,,,,,,,,,,,,,,,,,,,,,,
,,,,,,,,,,,,,,,,,,,,,,,,,,
,,,,,,,,,,,,,,,,,,,,,,,,,,
,,,,,,,,,,,,,,,,,,,,,,,,,,
,,,,,,,,,,,,,,,,,,,,,,,,,,
,,,,,,,,,,,,,,,,,,,,,,,,,,
,,,,,,,,,,,,,,,,,,,,,,,,,,
,,,,,,,,,,,,,,,,,,,,,,,,,,
,,,,,,,,,,,,,,,,,,,,,,,,,,
,,,,,,,,,,,,,,,,,,,,,,,,,,
,,,,,,,,,,,,,,,,,,,,,,,,,,
,,,,,,,,,,,,,,,,,,,,,,,,,,