"id","submitdate","lastpage","startlanguage","seed","startdate","datestamp","G01Q04","prolificID","GenderEnglishAge","G00Q02","G00Q01","G01Q03","G01Q05","G01Q06","G01Q07","G01Q08","G01Q09","G01Q10","G01Q11","G01Q12","LoRes264","LoRes264[comment]","LoRes1690","LoRes1690[comment]","LoRes1747","LoRes1747[comment]","LoRes3634","LoRes3634[comment]","LoRes252","LoRes252[comment]","LoRes1628","LoRes1628[comment]","maera9115660","maera9115660[comment]","maera2915877","maera2915877[comment]","maera2069279","maera2069279[comment]","maera8937576","maera8937576[comment]","maera211758","maera211758[comment]","maera3816453","maera3816453[comment]","LoRes1420","LoRes1420[comment]","maera126123","maera126123[comment]","LoRes642","LoRes642[comment]","maera2662955","maera2662955[comment]","maera2632821","maera2632821[comment]","maera7373236","maera7373236[comment]","maera75347","maera75347[comment]","LoRes2033","LoRes2033[comment]","maera3635281","maera3635281[comment]","maera7874650","maera7874650[comment]","maera3864019","maera3864019[comment]","LoRes10225","LoRes10225[comment]","LoRes1693","LoRes1693[comment]","maera8789291","maera8789291[comment]","maera188358","maera188358[comment]","maera4910927","maera4910927[comment]","LoRes1023","LoRes1023[comment]","maera354280","maera354280[comment]","maera237090","maera237090[comment]","maera4688103","maera4688103[comment]","maera236186","maera236186[comment]","LoRes1209","LoRes1209[comment]","maera2971309","maera2971309[comment]","maera6073367","maera6073367[comment]","maera5581297","maera5581297[comment]","maera301689","maera301689[comment]","maera5578955","maera5578955[comment]","maera3053292","maera3053292[comment]","maera2165880","maera2165880[comment]","maera39890","maera39890[comment]","LoRes344","LoRes344[comment]","maera138026","maera138026[comment]","maera8285205","maera8285205[comment]","LoRes16668","LoRes16668[comment]","LoRes691","LoRes691[comment]","maera5965049","maera5965049[comment]","G04Q63"
"1",,"2","en","139164234","2025-11-20 19:20:24","2025-11-20 19:29:43","","668a08bcc623b9b9500b85c8","Yes","","","","","","","","","","","",,,,,,,,,,,,,,,,,,,,,,,,,,,,,,,,,,,,,,,,,,,,,,,,,,,,,,,,,,,,,,,,,,,,,,,,,,,,,,,,,,,,,,,,,,,,,,,,,
"3","2025-11-20 19:50:52","4","en","619449746","2025-11-20 19:27:55","2025-11-20 19:50:52","","66a641d8eae42f430895d856","Yes","","","","","","","","","","","","generic","","generic","","plural","","singular","","singular","","generic","","singular","","plural","","plural","","singular","","plural","","singular","","generic","","singular","","singular","","singular","","plural","","singular","","singular","","singular","","generic","","plural","","generic","","generic","","singular","","singular","","plural","","plural","","generic","","generic","","plural","","generic","","plural","","singular","","plural","","plural","","plural","","plural","","generic","","plural","","singular","","singular","","plural","","singular","","generic","","generic","","singular","","generic","",""
"4",,"1","en","1315386594","2025-11-20 19:38:27","2025-11-20 19:38:43","","665b5f60fd50142f99291688","Yes",,,,,,,,,,,,,,,,,,,,,,,,,,,,,,,,,,,,,,,,,,,,,,,,,,,,,,,,,,,,,,,,,,,,,,,,,,,,,,,,,,,,,,,,,,,,,,,,,,,,,,,,,,,,
"5",,"2","en","1879075214","2025-11-20 19:43:33","2025-11-20 19:48:00","","67aac3d6da39590556da57b4","Yes","","","","","","","","","","","",,,,,,,,,,,,,,,,,,,,,,,,,,,,,,,,,,,,,,,,,,,,,,,,,,,,,,,,,,,,,,,,,,,,,,,,,,,,,,,,,,,,,,,,,,,,,,,,,
"6",,"1","en","514707756","2025-11-20 20:05:11","2025-11-20 20:05:22","","682cd328bd53185cbbb59840","Yes",,,,,,,,,,,,,,,,,,,,,,,,,,,,,,,,,,,,,,,,,,,,,,,,,,,,,,,,,,,,,,,,,,,,,,,,,,,,,,,,,,,,,,,,,,,,,,,,,,,,,,,,,,,,
"7",,"2","en","662471728","2025-11-20 21:24:16","2025-11-20 21:32:56","","56d1f7f67bbc32000589a588","Yes","","","","","","","","","","","",,,,,,,,,,,,,,,,,,,,,,,,,,,,,,,,,,,,,,,,,,,,,,,,,,,,,,,,,,,,,,,,,,,,,,,,,,,,,,,,,,,,,,,,,,,,,,,,,
"8",,"2","en","1110403602","2025-11-20 21:43:28","2025-11-20 21:47:11","","677bccba65784d9a5a876468","Yes","","","","","","","","","","","",,,,,,,,,,,,,,,,,,,,,,,,,,,,,,,,,,,,,,,,,,,,,,,,,,,,,,,,,,,,,,,,,,,,,,,,,,,,,,,,,,,,,,,,,,,,,,,,,
"9","2025-11-20 23:05:00","4","en","368439916","2025-11-20 21:52:36","2025-11-20 23:05:00","","672bb1963a3e366539886bfc","Yes","","","","","","","","","","","","singular","","generic","It seems ""themselves"" is generic because the comment is talking about a hypothetical situation","singular","","singular","The word ""they"" is referring to the relative","generic","I think the sentence is referring to a barber in all contexts/situations","plural","""They"" is referring to people","plural","","plural","The word ""them"" is referring to the pointy ears, not Xiao himself","plural","","plural","","plural","","singular","","singular","","singular","Based on the above information, it seems like ""they"" is referring to the OP's girlfriend's kid","singular","","plural","I think ""they"" is referring to the company","plural","","singular","","generic","","singular","The word ""their"" is referring to a single person, regardless of gender","plural","I think ""they"" is referring to the pair of sandals, and since a pair is considered a group I chose plural","plural","Based on the context, it seems like ""they"" is referring to the butterflies on the trees","plural","","singular","","generic","The info above seems to be referring to a hypothetical scenario","plural","","plural","It seems like the ""they"" is referring to the news reports (from the news vans)","plural","","singular","","singular","","plural","I think ""they"" is referring to the company of McDonald's, which is why it's plural","plural","","singular","","singular","","plural","""Their"" refers to the company Steam","generic","","singular","","plural","","singular","""They"" is referring to the PIC","singular","Based on the context given in the Reddit post, ""they"" is referring to the patient which is why it's singular","singular","""Their"" seems to be referring to the Phalangite","generic","","generic","""Them"" seems to be referring to any interviewee applying for a job","singular","","plural","Based on the context, I think ""they"" is referring to the programmers","plural","","singular","Context from Reddit doesn't appear on the page, instead the whole comment containing the context seems to have been deleted. Based on the provided information, ""their"" may be referring to the OP which is why it's singular","singular","",""
"10","2025-11-20 22:36:12","4","en","1164864022","2025-11-20 21:52:50","2025-11-20 22:36:12","","673a894b553d8c3fb9061274","Yes","","","","","","","","","","","","generic","Them is a non specific hypothetical person.","generic","Them is a hypothetical family member so singular but unknown and non specific.","singular","They is the developer which is a singular person.","singular","They is the singular relative of the person.","singular","They is the barber that is one person and singular.","plural","They refers to the people with the thoughts so it is plural.","plural","Them is the mentors which is many people so it is plural.","plural","Them is the plural noun of pointy ears.","plural","They refers to the store, a plural noun.","plural","They refers to the company that made the game.","plural","They appears to refer to a company.","generic","The person is hypothetical but still singular.","generic","Their is the hypothetical person who bumps into them.","generic","Them is a hypothetical single person.","singular","They is the single person from GandP so it is singular.","singular","They is the person who reported the shoe, their gender is unknown so are referred to as they.","plural","They is referring to a group noun which is the government.","plural","They refers to people on 4chan so it is plural.","plural","They refers to the letting agent which is a company so it is plural.","singular","The person is singular. The leg belongs to one specific singular person.","plural","They is the pair of shoes so it is plural.","plural","They are the butterflies.","plural","They are the people downvoting which would be plural.","singular","They is the politician which would be singular.","plural","Their is the parents whose emails they are asking for so it is plural.","plural","Them is the convention organizers which is plural.","plural","They refers to many people outside their home,","plural","Them is the words which is a plural noun.","singular","They is the person with right of way which is one person.","generic","They is a hypothetical single person.","plural","They is Mcdonalds the company so it is plural.","plural","Their is the mothers of their friends so it is many people which is plural.","singular","Their is one player who is a single person.","singular","Their is the singular driver of the vehicle.","plural","Linux is the they are they are a company so it is plural.","generic","Their is the player of the game.","singular","Their is the person they hope is reading their comment.","plural","Them refers to many people that the person dates.","singular","The PIC is one person so it is singular.","singular","They is the person who has tried to contact the attorney.","singular","The phalangite is singular so they are the their.","generic","Them is a single person but they are hypothetical.","generic","Them is a hypothetical person.","generic","Their is a non specific but singular person.","plural","They is referring to a company.","generic","Them is a hypothetical single person.","singular","OP is a singular person of unknown gender.","singular","The foot belongs to clearly a single person.",""
"11","2025-11-20 22:59:43","4","en","1677874840","2025-11-20 22:12:55","2025-11-20 22:59:43","","670da3fd0b8a2f7a542a2b24","Yes","","","","","","","","","","","","singular","The poster is talking about one single person in the car scenario. Given the context it’s singular.","generic","In this scenario “themselves” could be anyone therefore it’s generic.","plural","The poster is referencing the entire management team in this scenario therefore it’s plural.","singular","It’s one relative therefore it’s singular in this scenario.","singular","The poster is referencing one single barber in this scenario therefore it’s one singular person.","plural","It is referencing people’s outcomes so that’s why I think it is plural rather than singular.","plural","They are referring to a group of management team within the team.","singular","They are referencing a characters ears so it’s singular. It is one pair of ears.","singular","The poster is referencing one single person in this situation therefore it’s singular.","plural","They in this scenario is referencing the entire developer group and therefore it is plural.","generic","Again this scenario could be generic even with context it’s impossible to tell. I would say generic.","generic","Given the context the poster is speaking broadly therefore it’s generic.","generic","This is referencing anyone and that makes it generic.","generic","They aren’t referencing anyone in particular therefore it’s generic.","singular","The poster is referencing one single commenter so it’s singular","plural","They are referring the the general company in this context therefore it’s plural.","plural","They are referencing one whole group and management sector that’s why it’s plural","generic","Given the context the poster is referencing a generic group of people.","singular","They are referencing one single person therefore it would be singular.","singular","The poster is referencing one single person given the context and everything ","generic","They is generic in this scenario. The context shows that it is referencing one single item though.","singular","They are referencing one singular item in the context therefore it would be singular.","generic","In this context they is referring to everyone and is therefore generic.","generic","It’s just referencing a broad group of people not anyone in particular, that is why it’s generic.","generic","Given the context the poster is referencing everyone and a group therefore it’s generic.","plural","They are referring to the entire company in this scenario. You can tell in the context.","plural","They is referencing the police questioning the poster so it is a group and plural in this scenario.","generic","They are referencing a handful of certain words so it’s generic.","singular","They are referring to one single person driving a vehicle in this context.","singular","They are referring to one single person. It could be anyone though in this context.","plural","The poster is referencing an entire group so it’s plural in this scenario.","generic","They are referring to any broad group of parents or mothers in this context/scenario.","singular","They are referencing one single person in the game therefore its singular","singular","Their is referencing one single persons car.","plural","They are referencing an entire company in this scenario so I think it is plural.","plural","With context they are referencing a group of people.","generic","The poster is referencing anyone and anything therefore it’s generic.","generic","They are referencing hypothetical people therefore it’s generic since it’s anyone.","plural","They are again referring to an entire company and management team sk it’s plural.","singular","This is referencing a single person I believe. The context shows me that it is one person.","singular","They are referencing one single player or character in this scenario and context.","generic","The poster is referencing a broad range of animals being represented as they in this scenario.","generic","Them is anyone in this context and is therefore generic.","generic","The poster is referencing anyone and everyone so that’s why I think it’s generic.","plural","They in this format is referencing a group. That is why I think it’s plural. ","generic","Given the context the poster is referencing a generic broad group of people.","singular","There is one person since they are referencing the original poster. ","generic","They are referring to anyone so it is generic in this scenario.","I did my best. The survey was fine. Thank you"
"12",,"2","en","964064050","2025-11-20 22:41:19","2025-11-20 22:46:42","","608b0f7f4699c09aa348c57f","Yes","","","","","","","","","","","",,,,,,,,,,,,,,,,,,,,,,,,,,,,,,,,,,,,,,,,,,,,,,,,,,,,,,,,,,,,,,,,,,,,,,,,,,,,,,,,,,,,,,,,,,,,,,,,,
"13","2025-11-28 13:32:37","4","en","1969100008","2025-11-28 13:04:35","2025-11-28 13:32:37","","6658b2d717b161dc426bd193","Yes","","","","","","","","","","","","generic","referring to a person but vague","generic","unsure who they are talking about","singular","referring to a certain person in a certain experience","singular","referring to a specific relative","generic","referring to the barber but not a specific person","plural","referring to 'everyone'","plural","referring to the group 'mentors'","plural","referring to a plural of nouns - ears","plural","referring to the organsation","plural","referring to a group","plural","i think they are referring to a company","generic","hypothetical person","generic","referring to a singular person but mostly hypothetical and not a specific person who's identity is known","generic","referring to a person in a hypothetical situation","singular","referring to a specific poster","singular","referring to the buyer","plural","referring to an organisation","plural","referring to a group of users","plural","referring to an organisation","singular","referring to a certain person in a certain situation","plural","referring to shoes","plural","referring to a group of nouns - trees","plural","referring to a group of reddit users","singular","they are referring to a singular person - the politician","singular","referring to a single person in a specific situation","plural","they are referring to a group of people - convention organisers","plural","referring to a group of reporters","plural","they are referring to a group of words","singular","referring to a single road user","generic","referring to a hypothetical person","plural","referring to mcdonalds as a company","plural","referring to a group of mothers","generic","referring to hypothetical game player","generic","referring to a person but identity unknown","plural","referring to an organisation","generic","referring to a hypothetical user","generic","identity unknown","plural","referring to a group of people they are dating","singular","referring to a specific person - the hiring manager","singular","i think they are referring to a single person","singular","they are referring to a singular being - the phalangite","generic","referring to a hypothetical situation/person","generic","referring to a generic hypothetical employee","generic","referring to a single person but in a hypothetical situation, not a specific person","plural","i think the commenter is referring to a group of computer programmers","generic","they are referring to a singular person but it is a hypothetical situation rather than a specific person who's identity is known","singular","referring to a specific person - the original poster","generic","referring to hypothetical situation",""
"14","2025-11-28 13:40:09","4","en","83866598","2025-11-28 13:18:19","2025-11-28 13:40:09","","67805633d6e46840298d6f8c","Yes","","","","","","","","","","","","generic","","plural","","generic","","plural","","singular","","plural","","plural","","generic","","plural","","singular","","singular","","plural","","generic","","generic","","singular","","plural","","plural","","plural","","plural","","plural","","singular","","singular","","plural","","plural","","plural","","plural","","plural","","plural","","generic","","generic","","plural","","plural","","singular","","generic","","singular","","singular","","plural","","plural","","plural","","plural","","plural","","generic","","generic","","generic","","plural","","generic","","generic","","generic","they  refers to a hypothetical someone",""
